"Well","Gene","Detector Name","Reporter","Task","Ct","TmValue","Tm Type","Ct Type","Baseline Type","Threshold Type","Threshold","Bacteria","TDate","SamP"
172,"CorA","SYBR","SYBR","Unknown",24.790329,87.1,"Auto Tm","Automatic Ct","Automatic","Automatic",0.058216408,"WT","2020-07-17","H4"
173,"cysG","SYBR","SYBR","Unknown",24.637844,87.6,"Auto Tm","Automatic Ct","Automatic","Automatic",0.058216408,"WT","2020-07-17","H5"
174,"frr","SYBR","SYBR","Unknown",22.317963,86.3,"Auto Tm","Automatic Ct","Automatic","Automatic",0.058216408,"WT","2020-07-17","H6"
175,"gyrA","SYBR","SYBR","Unknown",22.30332,84.1,"Auto Tm","Automatic Ct","Automatic","Automatic",0.058216408,"WT","2020-07-17","H7"
176,"hcaT","SYBR","SYBR","Unknown",26.591413,89,"Auto Tm","Automatic Ct","Automatic","Automatic",0.058216408,"WT","2020-07-17","H8"
177,"idnT","SYBR","SYBR","Unknown",27.62518,87.3,"Auto Tm","Automatic Ct","Automatic","Automatic",0.058216408,"WT","2020-07-17","H9"
178,"Lnt2","SYBR","SYBR","Unknown",23.636528,86.2,"Auto Tm","Automatic Ct","Automatic","Automatic",0.058216408,"WT","2020-07-17","H10"
179,"Lnt","SYBR","SYBR","Unknown",31.160397,90.3,"Auto Tm","Automatic Ct","Automatic","Automatic",0.058216408,"WT","2020-07-17","H11"
180,"miaB","SYBR","SYBR","Unknown",23.669653,85.1,"Auto Tm","Automatic Ct","Automatic","Automatic",0.058216408,"WT","2020-07-17","H12"
181,"ybeX","SYBR","SYBR","Unknown",21.105322,84.8,"Auto Tm","Automatic Ct","Automatic","Automatic",0.058216408,"WT","2020-07-17","H13"
182,"ybeY","SYBR","SYBR","Unknown",22.301544,85.9,"Auto Tm","Automatic Ct","Automatic","Automatic",0.058216408,"WT","2020-07-17","H14"
183,"ybeZ","SYBR","SYBR","Unknown",23.480984,87.3,"Auto Tm","Automatic Ct","Automatic","Automatic",0.058216408,"WT","2020-07-17","H15"
196,"CorA","SYBR","SYBR","Unknown",24.890844,86.8,"Auto Tm","Automatic Ct","Automatic","Automatic",0.058216408,"WT","2020-07-17","I4"
197,"cysG","SYBR","SYBR","Unknown",24.689102,87.6,"Auto Tm","Automatic Ct","Automatic","Automatic",0.058216408,"WT","2020-07-17","I5"
198,"frr","SYBR","SYBR","Unknown",22.511217,86.3,"Auto Tm","Automatic Ct","Automatic","Automatic",0.058216408,"WT","2020-07-17","I6"
199,"gyrA","SYBR","SYBR","Unknown",22.338596,84.1,"Auto Tm","Automatic Ct","Automatic","Automatic",0.058216408,"WT","2020-07-17","I7"
200,"hcaT","SYBR","SYBR","Unknown",26.646477,89,"Auto Tm","Automatic Ct","Automatic","Automatic",0.058216408,"WT","2020-07-17","I8"
201,"idnT","SYBR","SYBR","Unknown",27.681408,87.6,"Auto Tm","Automatic Ct","Automatic","Automatic",0.058216408,"WT","2020-07-17","I9"
202,"Lnt2","SYBR","SYBR","Unknown",23.62553,86.2,"Auto Tm","Automatic Ct","Automatic","Automatic",0.058216408,"WT","2020-07-17","I10"
203,"Lnt","SYBR","SYBR","Unknown",30.805515,90.3,"Auto Tm","Automatic Ct","Automatic","Automatic",0.058216408,"WT","2020-07-17","I11"
204,"miaB","SYBR","SYBR","Unknown",23.72864,85.4,"Auto Tm","Automatic Ct","Automatic","Automatic",0.058216408,"WT","2020-07-17","I12"
205,"ybeX","SYBR","SYBR","Unknown",21.335226,84.8,"Auto Tm","Automatic Ct","Automatic","Automatic",0.058216408,"WT","2020-07-17","I13"
206,"ybeY","SYBR","SYBR","Unknown",22.125294,85.9,"Auto Tm","Automatic Ct","Automatic","Automatic",0.058216408,"WT","2020-07-17","I14"
207,"ybeZ","SYBR","SYBR","Unknown",23.296343,87.3,"Auto Tm","Automatic Ct","Automatic","Automatic",0.058216408,"WT","2020-07-17","I15"
208,"ybeZY","SYBR","SYBR","Unknown",24.383022,81.9,"Auto Tm","Automatic Ct","Automatic","Automatic",0.058216408,"WT","2020-07-17","I16"
220,"CorA","SYBR","SYBR","Unknown",24.719196,86.8,"Auto Tm","Automatic Ct","Automatic","Automatic",0.058216408,"WT","2020-07-17","J4"
221,"cysG","SYBR","SYBR","Unknown",24.516434,87.6,"Auto Tm","Automatic Ct","Automatic","Automatic",0.058216408,"WT","2020-07-17","J5"
222,"frr","SYBR","SYBR","Unknown",22.346743,86.3,"Auto Tm","Automatic Ct","Automatic","Automatic",0.058216408,"WT","2020-07-17","J6"
223,"gyrA","SYBR","SYBR","Unknown",22.216957,84.1,"Auto Tm","Automatic Ct","Automatic","Automatic",0.058216408,"WT","2020-07-17","J7"
224,"hcaT","SYBR","SYBR","Unknown",26.88098,89,"Auto Tm","Automatic Ct","Automatic","Automatic",0.058216408,"WT","2020-07-17","J8"
225,"idnT","SYBR","SYBR","Unknown",27.712082,87.3,"Auto Tm","Automatic Ct","Automatic","Automatic",0.058216408,"WT","2020-07-17","J9"
226,"Lnt2","SYBR","SYBR","Unknown",23.921528,86.2,"Auto Tm","Automatic Ct","Automatic","Automatic",0.058216408,"WT","2020-07-17","J10"
227,"Lnt","SYBR","SYBR","Unknown",31.349577,90.3,"Auto Tm","Automatic Ct","Automatic","Automatic",0.058216408,"WT","2020-07-17","J11"
228,"miaB","SYBR","SYBR","Unknown",23.903822,85.4,"Auto Tm","Automatic Ct","Automatic","Automatic",0.058216408,"WT","2020-07-17","J12"
229,"ybeX","SYBR","SYBR","Unknown",21.44593,84.8,"Auto Tm","Automatic Ct","Automatic","Automatic",0.058216408,"WT","2020-07-17","J13"
230,"ybeY","SYBR","SYBR","Unknown",22.265078,85.9,"Auto Tm","Automatic Ct","Automatic","Automatic",0.058216408,"WT","2020-07-17","J14"
231,"ybeZ","SYBR","SYBR","Unknown",23.424686,87.3,"Auto Tm","Automatic Ct","Automatic","Automatic",0.058216408,"WT","2020-07-17","J15"
232,"ybeZY","SYBR","SYBR","Unknown",24.583826,81.9,"Auto Tm","Automatic Ct","Automatic","Automatic",0.058216408,"WT","2020-07-17","J16"
149,"cysG","SYBR","SYBR","Unknown",23.724733,87.9,"Auto Tm","Automatic Ct","Automatic","Automatic",0.053925432,"WT","2020-07-18","G5"
150,"frr","SYBR","SYBR","Unknown",18.62917,85.7,"Auto Tm","Automatic Ct","Automatic","Automatic",0.053925432,"WT","2020-07-18","G6"
151,"gyrA","SYBR","SYBR","Unknown",22.413496,84.1,"Auto Tm","Automatic Ct","Automatic","Automatic",0.053925432,"WT","2020-07-18","G7"
152,"hcaT","SYBR","SYBR","Unknown",27.174967,88.7,"Auto Tm","Automatic Ct","Automatic","Automatic",0.053925432,"WT","2020-07-18","G8"
154,"Lnt2","SYBR","SYBR","Unknown",24.53548,86.5,"Auto Tm","Automatic Ct","Automatic","Automatic",0.053925432,"WT","2020-07-18","G10"
155,"Lnt","SYBR","SYBR","Unknown",28.007025,90.6,"Auto Tm","Automatic Ct","Automatic","Automatic",0.053925432,"WT","2020-07-18","G11"
157,"ybeX","SYBR","SYBR","Unknown",22.159977,84.8,"Auto Tm","Automatic Ct","Automatic","Automatic",0.053925432,"WT","2020-07-18","G13"
159,"ybeZ","SYBR","SYBR","Unknown",23.930878,87.2,"Auto Tm","Automatic Ct","Automatic","Automatic",0.053925432,"WT","2020-07-18","G15"
172,"CorA","SYBR","SYBR","Unknown",23.986141,87.1,"Auto Tm","Automatic Ct","Automatic","Automatic",0.053925432,"WT","2020-07-18","H4"
173,"cysG","SYBR","SYBR","Unknown",23.542986,87.6,"Auto Tm","Automatic Ct","Automatic","Automatic",0.053925432,"WT","2020-07-18","H5"
174,"frr","SYBR","SYBR","Unknown",19.526373,86.2,"Auto Tm","Automatic Ct","Automatic","Automatic",0.053925432,"WT","2020-07-18","H6"
175,"gyrA","SYBR","SYBR","Unknown",22.22379,84.3,"Auto Tm","Automatic Ct","Automatic","Automatic",0.053925432,"WT","2020-07-18","H7"
176,"hcaT","SYBR","SYBR","Unknown",26.9409,89.5,"Auto Tm","Automatic Ct","Automatic","Automatic",0.053925432,"WT","2020-07-18","H8"
179,"Lnt","SYBR","SYBR","Unknown",27.761711,90.3,"Auto Tm","Automatic Ct","Automatic","Automatic",0.053925432,"WT","2020-07-18","H11"
181,"ybeX","SYBR","SYBR","Unknown",22.234118,84.6,"Auto Tm","Automatic Ct","Automatic","Automatic",0.053925432,"WT","2020-07-18","H13"
182,"ybeY","SYBR","SYBR","Unknown",25.776617,86.2,"Auto Tm","Automatic Ct","Automatic","Automatic",0.053925432,"WT","2020-07-18","H14"
183,"ybeZ","SYBR","SYBR","Unknown",24.230078,87.5,"Auto Tm","Automatic Ct","Automatic","Automatic",0.053925432,"WT","2020-07-18","H15"
196,"CorA","SYBR","SYBR","Unknown",25.067139,87.1,"Auto Tm","Automatic Ct","Automatic","Automatic",0.053925432,"WT","2020-07-18","I4"
197,"cysG","SYBR","SYBR","Unknown",23.706444,87.6,"Auto Tm","Automatic Ct","Automatic","Automatic",0.053925432,"WT","2020-07-18","I5"
198,"frr","SYBR","SYBR","Unknown",19.68233,86.2,"Auto Tm","Automatic Ct","Automatic","Automatic",0.053925432,"WT","2020-07-18","I6"
199,"gyrA","SYBR","SYBR","Unknown",22.487787,84.1,"Auto Tm","Automatic Ct","Automatic","Automatic",0.053925432,"WT","2020-07-18","I7"
200,"hcaT","SYBR","SYBR","Unknown",26.4255,89,"Auto Tm","Automatic Ct","Automatic","Automatic",0.053925432,"WT","2020-07-18","I8"
206,"ybeY","SYBR","SYBR","Unknown",25.988846,86.2,"Auto Tm","Automatic Ct","Automatic","Automatic",0.053925432,"WT","2020-07-18","I14"
207,"ybeZ","SYBR","SYBR","Unknown",24.115908,87.5,"Auto Tm","Automatic Ct","Automatic","Automatic",0.053925432,"WT","2020-07-18","I15"
268,"CorA","SYBR","SYBR","Unknown",25.087782,87.1,"Auto Tm","Automatic Ct","Automatic","Automatic",0.053925432,"WT","2020-07-18","L4"
269,"cysG","SYBR","SYBR","Unknown",23.28609,87.6,"Auto Tm","Automatic Ct","Automatic","Automatic",0.053925432,"WT","2020-07-18","L5"
270,"frr","SYBR","SYBR","Unknown",19.175323,86,"Auto Tm","Automatic Ct","Automatic","Automatic",0.053925432,"WT","2020-07-18","L6"
271,"gyrA","SYBR","SYBR","Unknown",22.325785,84.1,"Auto Tm","Automatic Ct","Automatic","Automatic",0.053925432,"WT","2020-07-18","L7"
272,"hcaT","SYBR","SYBR","Unknown",27.744652,89.2,"Auto Tm","Automatic Ct","Automatic","Automatic",0.053925432,"WT","2020-07-18","L8"
273,"idnT","SYBR","SYBR","Unknown",28.040865,87.3,"Auto Tm","Automatic Ct","Automatic","Automatic",0.053925432,"WT","2020-07-18","L9"
274,"Lnt2","SYBR","SYBR","Unknown",25.498865,86.5,"Auto Tm","Automatic Ct","Automatic","Automatic",0.053925432,"WT","2020-07-18","L10"
275,"Lnt","SYBR","SYBR","Unknown",28.493387,85.7,"Auto Tm","Automatic Ct","Automatic","Automatic",0.053925432,"WT","2020-07-18","L11"
276,"miaB","SYBR","SYBR","Unknown",23.237236,85.4,"Auto Tm","Automatic Ct","Automatic","Automatic",0.053925432,"WT","2020-07-18","L12"
277,"ybeX","SYBR","SYBR","Unknown",21.743752,84.6,"Auto Tm","Automatic Ct","Automatic","Automatic",0.053925432,"WT","2020-07-18","L13"
278,"ybeY","SYBR","SYBR","Unknown",26.858526,86.2,"Auto Tm","Automatic Ct","Automatic","Automatic",0.053925432,"WT","2020-07-18","L14"
279,"ybeZ","SYBR","SYBR","Unknown",25.156261,81.8,"Auto Tm","Automatic Ct","Automatic","Automatic",0.053925432,"WT","2020-07-18","L15"
280,"ybeZY","SYBR","SYBR","Unknown",24.595541,87.5,"Auto Tm","Automatic Ct","Automatic","Automatic",0.053925432,"WT","2020-07-18","L16"
292,"CorA","SYBR","SYBR","Unknown",24.823948,87.1,"Auto Tm","Automatic Ct","Automatic","Automatic",0.053925432,"WT","2020-07-18","M4"
293,"cysG","SYBR","SYBR","Unknown",23.132393,87.6,"Auto Tm","Automatic Ct","Automatic","Automatic",0.053925432,"WT","2020-07-18","M5"
294,"frr","SYBR","SYBR","Unknown",18.817528,86,"Auto Tm","Automatic Ct","Automatic","Automatic",0.053925432,"WT","2020-07-18","M6"
295,"gyrA","SYBR","SYBR","Unknown",22.639742,84.1,"Auto Tm","Automatic Ct","Automatic","Automatic",0.053925432,"WT","2020-07-18","M7"
297,"idnT","SYBR","SYBR","Unknown",28.09047,87.6,"Auto Tm","Automatic Ct","Automatic","Automatic",0.053925432,"WT","2020-07-18","M9"
298,"Lnt2","SYBR","SYBR","Unknown",24.919096,86.5,"Auto Tm","Automatic Ct","Automatic","Automatic",0.053925432,"WT","2020-07-18","M10"
299,"Lnt","SYBR","SYBR","Unknown",27.835327,90.3,"Auto Tm","Automatic Ct","Automatic","Automatic",0.053925432,"WT","2020-07-18","M11"
300,"miaB","SYBR","SYBR","Unknown",23.159184,85.1,"Auto Tm","Automatic Ct","Automatic","Automatic",0.053925432,"WT","2020-07-18","M12"
301,"ybeX","SYBR","SYBR","Unknown",21.841642,84.6,"Auto Tm","Automatic Ct","Automatic","Automatic",0.053925432,"WT","2020-07-18","M13"
302,"ybeY","SYBR","SYBR","Unknown",26.011961,85.9,"Auto Tm","Automatic Ct","Automatic","Automatic",0.053925432,"WT","2020-07-18","M14"
304,"ybeZY","SYBR","SYBR","Unknown",24.669264,87.5,"Auto Tm","Automatic Ct","Automatic","Automatic",0.053925432,"WT","2020-07-18","M16"
316,"CorA","SYBR","SYBR","Unknown",24.65212,87.1,"Auto Tm","Automatic Ct","Automatic","Automatic",0.053925432,"WT","2020-07-18","N4"
317,"cysG","SYBR","SYBR","Unknown",22.968582,87.6,"Auto Tm","Automatic Ct","Automatic","Automatic",0.053925432,"WT","2020-07-18","N5"
318,"frr","SYBR","SYBR","Unknown",19.980679,86,"Auto Tm","Automatic Ct","Automatic","Automatic",0.053925432,"WT","2020-07-18","N6"
319,"gyrA","SYBR","SYBR","Unknown",22.5683,84.1,"Auto Tm","Automatic Ct","Automatic","Automatic",0.053925432,"WT","2020-07-18","N7"
320,"hcaT","SYBR","SYBR","Unknown",27.397251,89.2,"Auto Tm","Automatic Ct","Automatic","Automatic",0.053925432,"WT","2020-07-18","N8"
321,"idnT","SYBR","SYBR","Unknown",27.901983,87.3,"Auto Tm","Automatic Ct","Automatic","Automatic",0.053925432,"WT","2020-07-18","N9"
322,"Lnt2","SYBR","SYBR","Unknown",24.683365,86.5,"Auto Tm","Automatic Ct","Automatic","Automatic",0.053925432,"WT","2020-07-18","N10"
323,"Lnt","SYBR","SYBR","Unknown",27.03525,90.3,"Auto Tm","Automatic Ct","Automatic","Automatic",0.053925432,"WT","2020-07-18","N11"
324,"miaB","SYBR","SYBR","Unknown",22.671284,85.1,"Auto Tm","Automatic Ct","Automatic","Automatic",0.053925432,"WT","2020-07-18","N12"
325,"ybeX","SYBR","SYBR","Unknown",22.844954,84.8,"Auto Tm","Automatic Ct","Automatic","Automatic",0.053925432,"WT","2020-07-18","N13"
326,"ybeY","SYBR","SYBR","Unknown",26.424377,86.2,"Auto Tm","Automatic Ct","Automatic","Automatic",0.053925432,"WT","2020-07-18","N14"
327,"ybeZ","SYBR","SYBR","Unknown",26.267784,81.8,"Auto Tm","Automatic Ct","Automatic","Automatic",0.053925432,"WT","2020-07-18","N15"
328,"ybeZY","SYBR","SYBR","Unknown",24.418406,87.2,"Auto Tm","Automatic Ct","Automatic","Automatic",0.053925432,"WT","2020-07-18","N16"
28,"CorA","SYBR","SYBR","Unknown",21.903805,87.9,"Auto Tm","Automatic Ct","Automatic","Automatic",0.11867291,"WT","2020-07-20","B4"
30,"frr","SYBR","SYBR","Unknown",16.820683,89.6,"Auto Tm","Automatic Ct","Automatic","Automatic",0.11867291,"WT","2020-07-20","B6"
31,"gyrA","SYBR","SYBR","Unknown",20.95666,86.5,"Auto Tm","Automatic Ct","Automatic","Automatic",0.11867291,"WT","2020-07-20","B7"
32,"hcaT","SYBR","SYBR","Unknown",25.069971,91.7,"Auto Tm","Automatic Ct","Automatic","Automatic",0.11867291,"WT","2020-07-20","B8"
33,"idnT","SYBR","SYBR","Unknown",26.447752,89,"Auto Tm","Automatic Ct","Automatic","Automatic",0.11867291,"WT","2020-07-20","B9"
34,"Lnt2","SYBR","SYBR","Unknown",23.16686,87.9,"Auto Tm","Automatic Ct","Automatic","Automatic",0.11867291,"WT","2020-07-20","B10"
36,"miaB","SYBR","SYBR","Unknown",20.075466,85.7,"Auto Tm","Automatic Ct","Automatic","Automatic",0.11867291,"WT","2020-07-20","B12"
37,"ybeX","SYBR","SYBR","Unknown",19.586515,85.1,"Auto Tm","Automatic Ct","Automatic","Automatic",0.11867291,"WT","2020-07-20","B13"
38,"ybeY","SYBR","SYBR","Unknown",24.65928,86.5,"Auto Tm","Automatic Ct","Automatic","Automatic",0.11867291,"WT","2020-07-20","B14"
39,"ybeZ","SYBR","SYBR","Unknown",22.593113,87.8,"Auto Tm","Automatic Ct","Automatic","Automatic",0.11867291,"WT","2020-07-20","B15"
40,"ybeZY","SYBR","SYBR","Unknown",21.394636,82.1,"Auto Tm","Automatic Ct","Automatic","Automatic",0.11867291,"WT","2020-07-20","B16"
52,"CorA","SYBR","SYBR","Unknown",22.00018,87.4,"Auto Tm","Automatic Ct","Automatic","Automatic",0.11867291,"WT","2020-07-20","C4"
53,"cysG","SYBR","SYBR","Unknown",21.377703,87.9,"Auto Tm","Automatic Ct","Automatic","Automatic",0.11867291,"WT","2020-07-20","C5"
54,"frr","SYBR","SYBR","Unknown",17.22435,86.5,"Auto Tm","Automatic Ct","Automatic","Automatic",0.11867291,"WT","2020-07-20","C6"
55,"gyrA","SYBR","SYBR","Unknown",20.834146,84.4,"Auto Tm","Automatic Ct","Automatic","Automatic",0.11867291,"WT","2020-07-20","C7"
56,"hcaT","SYBR","SYBR","Unknown",25.330172,89.5,"Auto Tm","Automatic Ct","Automatic","Automatic",0.11867291,"WT","2020-07-20","C8"
57,"idnT","SYBR","SYBR","Unknown",26.501186,87.9,"Auto Tm","Automatic Ct","Automatic","Automatic",0.11867291,"WT","2020-07-20","C9"
58,"Lnt2","SYBR","SYBR","Unknown",23.5265,86.8,"Auto Tm","Automatic Ct","Automatic","Automatic",0.11867291,"WT","2020-07-20","C10"
59,"Lnt","SYBR","SYBR","Unknown",24.560835,90.6,"Auto Tm","Automatic Ct","Automatic","Automatic",0.11867291,"WT","2020-07-20","C11"
60,"miaB","SYBR","SYBR","Unknown",19.927794,85.7,"Auto Tm","Automatic Ct","Automatic","Automatic",0.11867291,"WT","2020-07-20","C12"
61,"ybeX","SYBR","SYBR","Unknown",19.497925,85.1,"Auto Tm","Automatic Ct","Automatic","Automatic",0.11867291,"WT","2020-07-20","C13"
62,"ybeY","SYBR","SYBR","Unknown",24.527534,86.5,"Auto Tm","Automatic Ct","Automatic","Automatic",0.11867291,"WT","2020-07-20","C14"
63,"ybeZ","SYBR","SYBR","Unknown",22.6916,87.5,"Auto Tm","Automatic Ct","Automatic","Automatic",0.11867291,"WT","2020-07-20","C15"
64,"ybeZY","SYBR","SYBR","Unknown",21.462866,82.1,"Auto Tm","Automatic Ct","Automatic","Automatic",0.11867291,"WT","2020-07-20","C16"
77,"cysG","SYBR","SYBR","Unknown",21.540524,87.9,"Auto Tm","Automatic Ct","Automatic","Automatic",0.11867291,"WT","2020-07-20","D5"
78,"frr","SYBR","SYBR","Unknown",17.326569,86.5,"Auto Tm","Automatic Ct","Automatic","Automatic",0.11867291,"WT","2020-07-20","D6"
79,"gyrA","SYBR","SYBR","Unknown",20.853552,84.4,"Auto Tm","Automatic Ct","Automatic","Automatic",0.11867291,"WT","2020-07-20","D7"
80,"hcaT","SYBR","SYBR","Unknown",25.336771,89.3,"Auto Tm","Automatic Ct","Automatic","Automatic",0.11867291,"WT","2020-07-20","D8"
81,"idnT","SYBR","SYBR","Unknown",26.46425,87.9,"Auto Tm","Automatic Ct","Automatic","Automatic",0.11867291,"WT","2020-07-20","D9"
82,"Lnt2","SYBR","SYBR","Unknown",23.588978,86.8,"Auto Tm","Automatic Ct","Automatic","Automatic",0.11867291,"WT","2020-07-20","D10"
83,"Lnt","SYBR","SYBR","Unknown",24.78436,90.6,"Auto Tm","Automatic Ct","Automatic","Automatic",0.11867291,"WT","2020-07-20","D11"
84,"miaB","SYBR","SYBR","Unknown",20.08076,85.7,"Auto Tm","Automatic Ct","Automatic","Automatic",0.11867291,"WT","2020-07-20","D12"
85,"ybeX","SYBR","SYBR","Unknown",19.630482,85.1,"Auto Tm","Automatic Ct","Automatic","Automatic",0.11867291,"WT","2020-07-20","D13"
86,"ybeY","SYBR","SYBR","Unknown",24.84928,86.2,"Auto Tm","Automatic Ct","Automatic","Automatic",0.11867291,"WT","2020-07-20","D14"
87,"ybeZ","SYBR","SYBR","Unknown",22.886562,87.5,"Auto Tm","Automatic Ct","Automatic","Automatic",0.11867291,"WT","2020-07-20","D15"
88,"ybeZY","SYBR","SYBR","Unknown",21.412394,82.1,"Auto Tm","Automatic Ct","Automatic","Automatic",0.11867291,"WT","2020-07-20","D16"
124,"CorA","SYBR","SYBR","Unknown",22.245764,87.1,"Auto Tm","Automatic Ct","Automatic","Automatic",0.11867291,"WT","2020-07-20","F4"
125,"cysG","SYBR","SYBR","Unknown",21.699888,87.9,"Auto Tm","Automatic Ct","Automatic","Automatic",0.11867291,"WT","2020-07-20","F5"
126,"frr","SYBR","SYBR","Unknown",17.582348,86.5,"Auto Tm","Automatic Ct","Automatic","Automatic",0.11867291,"WT","2020-07-20","F6"
127,"gyrA","SYBR","SYBR","Unknown",21.232977,84.4,"Auto Tm","Automatic Ct","Automatic","Automatic",0.11867291,"WT","2020-07-20","F7"
128,"hcaT","SYBR","SYBR","Unknown",25.591473,89.3,"Auto Tm","Automatic Ct","Automatic","Automatic",0.11867291,"WT","2020-07-20","F8"
129,"idnT","SYBR","SYBR","Unknown",26.743979,87.6,"Auto Tm","Automatic Ct","Automatic","Automatic",0.11867291,"WT","2020-07-20","F9"
130,"Lnt2","SYBR","SYBR","Unknown",23.784706,86.5,"Auto Tm","Automatic Ct","Automatic","Automatic",0.11867291,"WT","2020-07-20","F10"
131,"Lnt","SYBR","SYBR","Unknown",24.968124,90.6,"Auto Tm","Automatic Ct","Automatic","Automatic",0.11867291,"WT","2020-07-20","F11"
132,"miaB","SYBR","SYBR","Unknown",20.42385,85.4,"Auto Tm","Automatic Ct","Automatic","Automatic",0.11867291,"WT","2020-07-20","F12"
133,"ybeX","SYBR","SYBR","Unknown",19.817532,84.9,"Auto Tm","Automatic Ct","Automatic","Automatic",0.11867291,"WT","2020-07-20","F13"
134,"ybeY","SYBR","SYBR","Unknown",24.822662,86.2,"Auto Tm","Automatic Ct","Automatic","Automatic",0.11867291,"WT","2020-07-20","F14"
135,"ybeZ","SYBR","SYBR","Unknown",22.906433,87.5,"Auto Tm","Automatic Ct","Automatic","Automatic",0.11867291,"WT","2020-07-20","F15"
136,"ybeZY","SYBR","SYBR","Unknown",21.596024,82.1,"Auto Tm","Automatic Ct","Automatic","Automatic",0.11867291,"WT","2020-07-20","F16"
148,"CorA","SYBR","SYBR","Unknown",22.281696,87.1,"Auto Tm","Automatic Ct","Automatic","Automatic",0.11867291,"WT","2020-07-20","G4"
149,"cysG","SYBR","SYBR","Unknown",21.605984,87.9,"Auto Tm","Automatic Ct","Automatic","Automatic",0.11867291,"WT","2020-07-20","G5"
150,"frr","SYBR","SYBR","Unknown",17.518148,86.5,"Auto Tm","Automatic Ct","Automatic","Automatic",0.11867291,"WT","2020-07-20","G6"
151,"gyrA","SYBR","SYBR","Unknown",21.127657,84.4,"Auto Tm","Automatic Ct","Automatic","Automatic",0.11867291,"WT","2020-07-20","G7"
152,"hcaT","SYBR","SYBR","Unknown",25.820868,89.3,"Auto Tm","Automatic Ct","Automatic","Automatic",0.11867291,"WT","2020-07-20","G8"
153,"idnT","SYBR","SYBR","Unknown",26.877445,87.6,"Auto Tm","Automatic Ct","Automatic","Automatic",0.11867291,"WT","2020-07-20","G9"
154,"Lnt2","SYBR","SYBR","Unknown",23.760435,86.5,"Auto Tm","Automatic Ct","Automatic","Automatic",0.11867291,"WT","2020-07-20","G10"
155,"Lnt","SYBR","SYBR","Unknown",25.177938,90.6,"Auto Tm","Automatic Ct","Automatic","Automatic",0.11867291,"WT","2020-07-20","G11"
156,"miaB","SYBR","SYBR","Unknown",20.457598,85.4,"Auto Tm","Automatic Ct","Automatic","Automatic",0.11867291,"WT","2020-07-20","G12"
157,"ybeX","SYBR","SYBR","Unknown",19.955904,84.9,"Auto Tm","Automatic Ct","Automatic","Automatic",0.11867291,"WT","2020-07-20","G13"
158,"ybeY","SYBR","SYBR","Unknown",24.674305,86.2,"Auto Tm","Automatic Ct","Automatic","Automatic",0.11867291,"WT","2020-07-20","G14"
159,"ybeZ","SYBR","SYBR","Unknown",22.517162,87.5,"Auto Tm","Automatic Ct","Automatic","Automatic",0.11867291,"WT","2020-07-20","G15"
160,"ybeZY","SYBR","SYBR","Unknown",21.426567,82.1,"Auto Tm","Automatic Ct","Automatic","Automatic",0.11867291,"WT","2020-07-20","G16"
172,"CorA","SYBR","SYBR","Unknown",22.19286,87.4,"Auto Tm","Automatic Ct","Automatic","Automatic",0.11867291,"WT","2020-07-20","H4"
173,"cysG","SYBR","SYBR","Unknown",21.661072,87.9,"Auto Tm","Automatic Ct","Automatic","Automatic",0.11867291,"WT","2020-07-20","H5"
174,"frr","SYBR","SYBR","Unknown",17.744703,86.5,"Auto Tm","Automatic Ct","Automatic","Automatic",0.11867291,"WT","2020-07-20","H6"
175,"gyrA","SYBR","SYBR","Unknown",21.002878,84.4,"Auto Tm","Automatic Ct","Automatic","Automatic",0.11867291,"WT","2020-07-20","H7"
176,"hcaT","SYBR","SYBR","Unknown",25.655209,89.3,"Auto Tm","Automatic Ct","Automatic","Automatic",0.11867291,"WT","2020-07-20","H8"
177,"idnT","SYBR","SYBR","Unknown",26.604374,87.6,"Auto Tm","Automatic Ct","Automatic","Automatic",0.11867291,"WT","2020-07-20","H9"
178,"Lnt2","SYBR","SYBR","Unknown",23.774712,86.8,"Auto Tm","Automatic Ct","Automatic","Automatic",0.11867291,"WT","2020-07-20","H10"
179,"Lnt","SYBR","SYBR","Unknown",25.370636,90.6,"Auto Tm","Automatic Ct","Automatic","Automatic",0.11867291,"WT","2020-07-20","H11"
180,"miaB","SYBR","SYBR","Unknown",20.507257,85.7,"Auto Tm","Automatic Ct","Automatic","Automatic",0.11867291,"WT","2020-07-20","H12"
181,"ybeX","SYBR","SYBR","Unknown",19.903822,84.9,"Auto Tm","Automatic Ct","Automatic","Automatic",0.11867291,"WT","2020-07-20","H13"
182,"ybeY","SYBR","SYBR","Unknown",24.84862,86.2,"Auto Tm","Automatic Ct","Automatic","Automatic",0.11867291,"WT","2020-07-20","H14"
183,"ybeZ","SYBR","SYBR","Unknown",23.096443,87.5,"Auto Tm","Automatic Ct","Automatic","Automatic",0.11867291,"WT","2020-07-20","H15"
220,"CorA","SYBR","SYBR","Unknown",22.084724,87.1,"Auto Tm","Automatic Ct","Automatic","Automatic",0.11867291,"WT","2020-07-20","J4"
221,"cysG","SYBR","SYBR","Unknown",21.493639,87.9,"Auto Tm","Automatic Ct","Automatic","Automatic",0.11867291,"WT","2020-07-20","J5"
222,"frr","SYBR","SYBR","Unknown",17.244362,86.5,"Auto Tm","Automatic Ct","Automatic","Automatic",0.11867291,"WT","2020-07-20","J6"
223,"gyrA","SYBR","SYBR","Unknown",20.608814,84.4,"Auto Tm","Automatic Ct","Automatic","Automatic",0.11867291,"WT","2020-07-20","J7"
224,"hcaT","SYBR","SYBR","Unknown",25.258387,89.3,"Auto Tm","Automatic Ct","Automatic","Automatic",0.11867291,"WT","2020-07-20","J8"
225,"idnT","SYBR","SYBR","Unknown",26.342833,87.6,"Auto Tm","Automatic Ct","Automatic","Automatic",0.11867291,"WT","2020-07-20","J9"
226,"Lnt2","SYBR","SYBR","Unknown",23.412447,86.8,"Auto Tm","Automatic Ct","Automatic","Automatic",0.11867291,"WT","2020-07-20","J10"
227,"Lnt","SYBR","SYBR","Unknown",25.125198,90.6,"Auto Tm","Automatic Ct","Automatic","Automatic",0.11867291,"WT","2020-07-20","J11"
228,"miaB","SYBR","SYBR","Unknown",20.363586,85.7,"Auto Tm","Automatic Ct","Automatic","Automatic",0.11867291,"WT","2020-07-20","J12"
229,"ybeX","SYBR","SYBR","Unknown",19.558302,85.1,"Auto Tm","Automatic Ct","Automatic","Automatic",0.11867291,"WT","2020-07-20","J13"
230,"ybeY","SYBR","SYBR","Unknown",25.177475,86.2,"Auto Tm","Automatic Ct","Automatic","Automatic",0.11867291,"WT","2020-07-20","J14"
231,"ybeZ","SYBR","SYBR","Unknown",23.087336,87.5,"Auto Tm","Automatic Ct","Automatic","Automatic",0.11867291,"WT","2020-07-20","J15"
232,"ybeZY","SYBR","SYBR","Unknown",21.454163,82.1,"Auto Tm","Automatic Ct","Automatic","Automatic",0.11867291,"WT","2020-07-20","J16"
244,"CorA","SYBR","SYBR","Unknown",22.16407,87.1,"Auto Tm","Automatic Ct","Automatic","Automatic",0.11867291,"WT","2020-07-20","K4"
245,"cysG","SYBR","SYBR","Unknown",21.496767,87.9,"Auto Tm","Automatic Ct","Automatic","Automatic",0.11867291,"WT","2020-07-20","K5"
246,"frr","SYBR","SYBR","Unknown",17.377668,86.5,"Auto Tm","Automatic Ct","Automatic","Automatic",0.11867291,"WT","2020-07-20","K6"
247,"gyrA","SYBR","SYBR","Unknown",20.559948,84.4,"Auto Tm","Automatic Ct","Automatic","Automatic",0.11867291,"WT","2020-07-20","K7"
248,"hcaT","SYBR","SYBR","Unknown",25.05633,89.3,"Auto Tm","Automatic Ct","Automatic","Automatic",0.11867291,"WT","2020-07-20","K8"
249,"idnT","SYBR","SYBR","Unknown",26.439669,87.6,"Auto Tm","Automatic Ct","Automatic","Automatic",0.11867291,"WT","2020-07-20","K9"
250,"Lnt2","SYBR","SYBR","Unknown",23.3462,86.8,"Auto Tm","Automatic Ct","Automatic","Automatic",0.11867291,"WT","2020-07-20","K10"
251,"Lnt","SYBR","SYBR","Unknown",24.874123,90.6,"Auto Tm","Automatic Ct","Automatic","Automatic",0.11867291,"WT","2020-07-20","K11"
252,"miaB","SYBR","SYBR","Unknown",20.33788,85.7,"Auto Tm","Automatic Ct","Automatic","Automatic",0.11867291,"WT","2020-07-20","K12"
253,"ybeX","SYBR","SYBR","Unknown",19.646105,84.9,"Auto Tm","Automatic Ct","Automatic","Automatic",0.11867291,"WT","2020-07-20","K13"
254,"ybeY","SYBR","SYBR","Unknown",25.097795,86.2,"Auto Tm","Automatic Ct","Automatic","Automatic",0.11867291,"WT","2020-07-20","K14"
255,"ybeZ","SYBR","SYBR","Unknown",23.161638,87.5,"Auto Tm","Automatic Ct","Automatic","Automatic",0.11867291,"WT","2020-07-20","K15"
256,"ybeZY","SYBR","SYBR","Unknown",21.474833,82.1,"Auto Tm","Automatic Ct","Automatic","Automatic",0.11867291,"WT","2020-07-20","K16"
268,"CorA","SYBR","SYBR","Unknown",22.055334,87.1,"Auto Tm","Automatic Ct","Automatic","Automatic",0.11867291,"WT","2020-07-20","L4"
269,"cysG","SYBR","SYBR","Unknown",21.42717,87.9,"Auto Tm","Automatic Ct","Automatic","Automatic",0.11867291,"WT","2020-07-20","L5"
270,"frr","SYBR","SYBR","Unknown",17.702103,86.3,"Auto Tm","Automatic Ct","Automatic","Automatic",0.11867291,"WT","2020-07-20","L6"
271,"gyrA","SYBR","SYBR","Unknown",20.719215,84.4,"Auto Tm","Automatic Ct","Automatic","Automatic",0.11867291,"WT","2020-07-20","L7"
272,"hcaT","SYBR","SYBR","Unknown",25.043415,89.3,"Auto Tm","Automatic Ct","Automatic","Automatic",0.11867291,"WT","2020-07-20","L8"
273,"idnT","SYBR","SYBR","Unknown",26.469013,87.6,"Auto Tm","Automatic Ct","Automatic","Automatic",0.11867291,"WT","2020-07-20","L9"
274,"Lnt2","SYBR","SYBR","Unknown",23.318537,86.8,"Auto Tm","Automatic Ct","Automatic","Automatic",0.11867291,"WT","2020-07-20","L10"
275,"Lnt","SYBR","SYBR","Unknown",24.562279,90.6,"Auto Tm","Automatic Ct","Automatic","Automatic",0.11867291,"WT","2020-07-20","L11"
276,"miaB","SYBR","SYBR","Unknown",20.460018,85.7,"Auto Tm","Automatic Ct","Automatic","Automatic",0.11867291,"WT","2020-07-20","L12"
277,"ybeX","SYBR","SYBR","Unknown",19.658337,84.9,"Auto Tm","Automatic Ct","Automatic","Automatic",0.11867291,"WT","2020-07-20","L13"
278,"ybeY","SYBR","SYBR","Unknown",25.271,86.2,"Auto Tm","Automatic Ct","Automatic","Automatic",0.11867291,"WT","2020-07-20","L14"
280,"ybeZY","SYBR","SYBR","Unknown",21.416134,82.1,"Auto Tm","Automatic Ct","Automatic","Automatic",0.11867291,"WT","2020-07-20","L16"
316,"CorA","SYBR","SYBR","Unknown",21.977812,87.1,"Auto Tm","Automatic Ct","Automatic","Automatic",0.11867291,"WT","2020-07-20","N4"
317,"cysG","SYBR","SYBR","Unknown",21.442165,87.6,"Auto Tm","Automatic Ct","Automatic","Automatic",0.11867291,"WT","2020-07-20","N5"
318,"frr","SYBR","SYBR","Unknown",17.616325,86.3,"Auto Tm","Automatic Ct","Automatic","Automatic",0.11867291,"WT","2020-07-20","N6"
319,"gyrA","SYBR","SYBR","Unknown",21.079697,84.1,"Auto Tm","Automatic Ct","Automatic","Automatic",0.11867291,"WT","2020-07-20","N7"
320,"hcaT","SYBR","SYBR","Unknown",25.48155,89.3,"Auto Tm","Automatic Ct","Automatic","Automatic",0.11867291,"WT","2020-07-20","N8"
321,"idnT","SYBR","SYBR","Unknown",26.782593,87.6,"Auto Tm","Automatic Ct","Automatic","Automatic",0.11867291,"WT","2020-07-20","N9"
322,"Lnt2","SYBR","SYBR","Unknown",23.696592,86.5,"Auto Tm","Automatic Ct","Automatic","Automatic",0.11867291,"WT","2020-07-20","N10"
323,"Lnt","SYBR","SYBR","Unknown",25.81276,90.6,"Auto Tm","Automatic Ct","Automatic","Automatic",0.11867291,"WT","2020-07-20","N11"
324,"miaB","SYBR","SYBR","Unknown",20.357212,85.4,"Auto Tm","Automatic Ct","Automatic","Automatic",0.11867291,"WT","2020-07-20","N12"
325,"ybeX","SYBR","SYBR","Unknown",19.602745,84.9,"Auto Tm","Automatic Ct","Automatic","Automatic",0.11867291,"WT","2020-07-20","N13"
326,"ybeY","SYBR","SYBR","Unknown",24.677692,86.2,"Auto Tm","Automatic Ct","Automatic","Automatic",0.11867291,"WT","2020-07-20","N14"
327,"ybeZ","SYBR","SYBR","Unknown",23.034525,87.5,"Auto Tm","Automatic Ct","Automatic","Automatic",0.11867291,"WT","2020-07-20","N15"
328,"ybeZY","SYBR","SYBR","Unknown",21.756042,82.1,"Auto Tm","Automatic Ct","Automatic","Automatic",0.11867291,"WT","2020-07-20","N16"
340,"CorA","SYBR","SYBR","Unknown",22.015532,87.1,"Auto Tm","Automatic Ct","Automatic","Automatic",0.11867291,"WT","2020-07-20","O4"
341,"cysG","SYBR","SYBR","Unknown",21.383228,87.6,"Auto Tm","Automatic Ct","Automatic","Automatic",0.11867291,"WT","2020-07-20","O5"
342,"frr","SYBR","SYBR","Unknown",17.496002,86.3,"Auto Tm","Automatic Ct","Automatic","Automatic",0.11867291,"WT","2020-07-20","O6"
343,"gyrA","SYBR","SYBR","Unknown",20.88756,84.1,"Auto Tm","Automatic Ct","Automatic","Automatic",0.11867291,"WT","2020-07-20","O7"
344,"hcaT","SYBR","SYBR","Unknown",25.236618,89.3,"Auto Tm","Automatic Ct","Automatic","Automatic",0.11867291,"WT","2020-07-20","O8"
345,"idnT","SYBR","SYBR","Unknown",26.81382,87.6,"Auto Tm","Automatic Ct","Automatic","Automatic",0.11867291,"WT","2020-07-20","O9"
346,"Lnt2","SYBR","SYBR","Unknown",23.65025,86.5,"Auto Tm","Automatic Ct","Automatic","Automatic",0.11867291,"WT","2020-07-20","O10"
347,"Lnt","SYBR","SYBR","Unknown",25.45581,90.6,"Auto Tm","Automatic Ct","Automatic","Automatic",0.11867291,"WT","2020-07-20","O11"
348,"miaB","SYBR","SYBR","Unknown",20.372362,85.4,"Auto Tm","Automatic Ct","Automatic","Automatic",0.11867291,"WT","2020-07-20","O12"
349,"ybeX","SYBR","SYBR","Unknown",19.668926,84.9,"Auto Tm","Automatic Ct","Automatic","Automatic",0.11867291,"WT","2020-07-20","O13"
350,"ybeY","SYBR","SYBR","Unknown",24.473412,86.2,"Auto Tm","Automatic Ct","Automatic","Automatic",0.11867291,"WT","2020-07-20","O14"
351,"ybeZ","SYBR","SYBR","Unknown",23.062674,87.5,"Auto Tm","Automatic Ct","Automatic","Automatic",0.11867291,"WT","2020-07-20","O15"
352,"ybeZY","SYBR","SYBR","Unknown",21.679426,82.1,"Auto Tm","Automatic Ct","Automatic","Automatic",0.11867291,"WT","2020-07-20","O16"
364,"CorA","SYBR","SYBR","Unknown",22.077488,87.1,"Auto Tm","Automatic Ct","Automatic","Automatic",0.11867291,"WT","2020-07-20","P4"
365,"cysG","SYBR","SYBR","Unknown",21.411102,87.6,"Auto Tm","Automatic Ct","Automatic","Automatic",0.11867291,"WT","2020-07-20","P5"
366,"frr","SYBR","SYBR","Unknown",17.573488,86.3,"Auto Tm","Automatic Ct","Automatic","Automatic",0.11867291,"WT","2020-07-20","P6"
367,"gyrA","SYBR","SYBR","Unknown",21.007648,84.1,"Auto Tm","Automatic Ct","Automatic","Automatic",0.11867291,"WT","2020-07-20","P7"
368,"hcaT","SYBR","SYBR","Unknown",25.34941,89.3,"Auto Tm","Automatic Ct","Automatic","Automatic",0.11867291,"WT","2020-07-20","P8"
369,"idnT","SYBR","SYBR","Unknown",26.600887,87.6,"Auto Tm","Automatic Ct","Automatic","Automatic",0.11867291,"WT","2020-07-20","P9"
370,"Lnt2","SYBR","SYBR","Unknown",23.801447,86.5,"Auto Tm","Automatic Ct","Automatic","Automatic",0.11867291,"WT","2020-07-20","P10"
371,"Lnt","SYBR","SYBR","Unknown",25.55493,90.6,"Auto Tm","Automatic Ct","Automatic","Automatic",0.11867291,"WT","2020-07-20","P11"
372,"miaB","SYBR","SYBR","Unknown",20.358862,85.4,"Auto Tm","Automatic Ct","Automatic","Automatic",0.11867291,"WT","2020-07-20","P12"
373,"ybeX","SYBR","SYBR","Unknown",19.84619,84.9,"Auto Tm","Automatic Ct","Automatic","Automatic",0.11867291,"WT","2020-07-20","P13"
374,"ybeY","SYBR","SYBR","Unknown",24.792635,86.2,"Auto Tm","Automatic Ct","Automatic","Automatic",0.11867291,"WT","2020-07-20","P14"
375,"ybeZ","SYBR","SYBR","Unknown",23.057507,87.5,"Auto Tm","Automatic Ct","Automatic","Automatic",0.11867291,"WT","2020-07-20","P15"
376,"ybeZY","SYBR","SYBR","Unknown",21.614937,82.1,"Auto Tm","Automatic Ct","Automatic","Automatic",0.11867291,"WT","2020-07-20","P16"
20,"CorA","SYBR","SYBR","Unknown",20.998158,87.2,"Auto Tm","Automatic Ct","Automatic","Automatic",0.028106883,"WT","2020-08-01","A20"
21,"CorA","SYBR","SYBR","Unknown",21.049965,88,"Auto Tm","Automatic Ct","Automatic","Automatic",0.028106883,"WT","2020-08-01","A21"
22,"CorA","SYBR","SYBR","Unknown",20.660824,88,"Auto Tm","Automatic Ct","Automatic","Automatic",0.028106883,"WT","2020-08-01","A22"
23,"CorA","SYBR","SYBR","Unknown",21.229574,88.3,"Auto Tm","Automatic Ct","Automatic","Automatic",0.028106883,"WT","2020-08-01","A23"
44,"cysG","SYBR","SYBR","Unknown",20.174635,90.2,"Auto Tm","Automatic Ct","Automatic","Automatic",0.028106883,"WT","2020-08-01","B20"
45,"cysG","SYBR","SYBR","Unknown",20.504328,90.5,"Auto Tm","Automatic Ct","Automatic","Automatic",0.028106883,"WT","2020-08-01","B21"
46,"cysG","SYBR","SYBR","Unknown",20.563848,90.5,"Auto Tm","Automatic Ct","Automatic","Automatic",0.028106883,"WT","2020-08-01","B22"
68,"frr","SYBR","SYBR","Unknown",15.141215,86.4,"Auto Tm","Automatic Ct","Automatic","Automatic",0.028106883,"WT","2020-08-01","C20"
69,"frr","SYBR","SYBR","Unknown",15.702138,86.4,"Auto Tm","Automatic Ct","Automatic","Automatic",0.028106883,"WT","2020-08-01","C21"
70,"frr","SYBR","SYBR","Unknown",15.671772,87.2,"Auto Tm","Automatic Ct","Automatic","Automatic",0.028106883,"WT","2020-08-01","C22"
71,"frr","SYBR","SYBR","Unknown",14.93056,88.8,"Auto Tm","Automatic Ct","Automatic","Automatic",0.028106883,"WT","2020-08-01","C23"
92,"gyrA","SYBR","SYBR","Unknown",19.348476,84.2,"Auto Tm","Automatic Ct","Automatic","Automatic",0.028106883,"WT","2020-08-01","D20"
93,"gyrA","SYBR","SYBR","Unknown",20.203346,84.2,"Auto Tm","Automatic Ct","Automatic","Automatic",0.028106883,"WT","2020-08-01","D21"
94,"gyrA","SYBR","SYBR","Unknown",20.054379,84.2,"Auto Tm","Automatic Ct","Automatic","Automatic",0.028106883,"WT","2020-08-01","D22"
95,"gyrA","SYBR","SYBR","Unknown",20.513868,85.8,"Auto Tm","Automatic Ct","Automatic","Automatic",0.028106883,"WT","2020-08-01","D23"
116,"hcaT","SYBR","SYBR","Unknown",23.779469,89.1,"Auto Tm","Automatic Ct","Automatic","Automatic",0.028106883,"WT","2020-08-01","E20"
117,"hcaT","SYBR","SYBR","Unknown",24.649788,89.1,"Auto Tm","Automatic Ct","Automatic","Automatic",0.028106883,"WT","2020-08-01","E21"
118,"hcaT","SYBR","SYBR","Unknown",24.669065,89.1,"Auto Tm","Automatic Ct","Automatic","Automatic",0.028106883,"WT","2020-08-01","E22"
119,"hcaT","SYBR","SYBR","Unknown",25.184443,91,"Auto Tm","Automatic Ct","Automatic","Automatic",0.028106883,"WT","2020-08-01","E23"
140,"idnT","SYBR","SYBR","Unknown",24.801409,87.5,"Auto Tm","Automatic Ct","Automatic","Automatic",0.028106883,"WT","2020-08-01","F20"
141,"idnT","SYBR","SYBR","Unknown",26.61539,87.5,"Auto Tm","Automatic Ct","Automatic","Automatic",0.028106883,"WT","2020-08-01","F21"
142,"idnT","SYBR","SYBR","Unknown",26.311563,87.5,"Auto Tm","Automatic Ct","Automatic","Automatic",0.028106883,"WT","2020-08-01","F22"
143,"idnT","SYBR","SYBR","Unknown",25.655207,88,"Auto Tm","Automatic Ct","Automatic","Automatic",0.028106883,"WT","2020-08-01","F23"
164,"Lnt2","SYBR","SYBR","Unknown",22.190712,86.4,"Auto Tm","Automatic Ct","Automatic","Automatic",0.028106883,"WT","2020-08-01","G20"
165,"Lnt2","SYBR","SYBR","Unknown",22.985561,86.6,"Auto Tm","Automatic Ct","Automatic","Automatic",0.028106883,"WT","2020-08-01","G21"
166,"Lnt2","SYBR","SYBR","Unknown",23.177668,86.3,"Auto Tm","Automatic Ct","Automatic","Automatic",0.028106883,"WT","2020-08-01","G22"
167,"Lnt2","SYBR","SYBR","Unknown",22.85144,86.9,"Auto Tm","Automatic Ct","Automatic","Automatic",0.028106883,"WT","2020-08-01","G23"
188,"Lnt","SYBR","SYBR","Unknown",22.445267,90.5,"Auto Tm","Automatic Ct","Automatic","Automatic",0.028106883,"WT","2020-08-01","H20"
189,"Lnt","SYBR","SYBR","Unknown",23.130411,90.5,"Auto Tm","Automatic Ct","Automatic","Automatic",0.028106883,"WT","2020-08-01","H21"
190,"Lnt","SYBR","SYBR","Unknown",23.231611,90.5,"Auto Tm","Automatic Ct","Automatic","Automatic",0.028106883,"WT","2020-08-01","H22"
191,"Lnt","SYBR","SYBR","Unknown",22.032625,90.7,"Auto Tm","Automatic Ct","Automatic","Automatic",0.028106883,"WT","2020-08-01","H23"
212,"miaB","SYBR","SYBR","Unknown",17.851236,85.6,"Auto Tm","Automatic Ct","Automatic","Automatic",0.028106883,"WT","2020-08-01","I20"
213,"miaB","SYBR","SYBR","Unknown",18.441092,85.6,"Auto Tm","Automatic Ct","Automatic","Automatic",0.028106883,"WT","2020-08-01","I21"
214,"miaB","SYBR","SYBR","Unknown",17.997074,85.6,"Auto Tm","Automatic Ct","Automatic","Automatic",0.028106883,"WT","2020-08-01","I22"
215,"miaB","SYBR","SYBR","Unknown",18.381708,85.6,"Auto Tm","Automatic Ct","Automatic","Automatic",0.028106883,"WT","2020-08-01","I23"
236,"ybeX","SYBR","SYBR","Unknown",18.894075,84.7,"Auto Tm","Automatic Ct","Automatic","Automatic",0.028106883,"WT","2020-08-01","J20"
237,"ybeX","SYBR","SYBR","Unknown",19.487644,85,"Auto Tm","Automatic Ct","Automatic","Automatic",0.028106883,"WT","2020-08-01","J21"
238,"ybeX","SYBR","SYBR","Unknown",19.535738,84.7,"Auto Tm","Automatic Ct","Automatic","Automatic",0.028106883,"WT","2020-08-01","J22"
239,"ybeX","SYBR","SYBR","Unknown",19.337786,86.3,"Auto Tm","Automatic Ct","Automatic","Automatic",0.028106883,"WT","2020-08-01","J23"
260,"ybeY","SYBR","SYBR","Unknown",23.546986,86.1,"Auto Tm","Automatic Ct","Automatic","Automatic",0.028106883,"WT","2020-08-01","K20"
261,"ybeY","SYBR","SYBR","Unknown",23.92838,86.1,"Auto Tm","Automatic Ct","Automatic","Automatic",0.028106883,"WT","2020-08-01","K21"
262,"ybeY","SYBR","SYBR","Unknown",23.699917,86.1,"Auto Tm","Automatic Ct","Automatic","Automatic",0.028106883,"WT","2020-08-01","K22"
263,"ybeY","SYBR","SYBR","Unknown",24.201849,87.7,"Auto Tm","Automatic Ct","Automatic","Automatic",0.028106883,"WT","2020-08-01","K23"
284,"ybeZ","SYBR","SYBR","Unknown",21.433262,87.5,"Auto Tm","Automatic Ct","Automatic","Automatic",0.028106883,"WT","2020-08-01","L20"
285,"ybeZ","SYBR","SYBR","Unknown",22.668741,87.5,"Auto Tm","Automatic Ct","Automatic","Automatic",0.028106883,"WT","2020-08-01","L21"
286,"ybeZ","SYBR","SYBR","Unknown",22.942543,87.5,"Auto Tm","Automatic Ct","Automatic","Automatic",0.028106883,"WT","2020-08-01","L22"
287,"ybeZ","SYBR","SYBR","Unknown",22.532799,89.4,"Auto Tm","Automatic Ct","Automatic","Automatic",0.028106883,"WT","2020-08-01","L23"
308,"ybeZY","SYBR","SYBR","Unknown",20.917217,82,"Auto Tm","Automatic Ct","Automatic","Automatic",0.028106883,"WT","2020-08-01","M20"
309,"ybeZY","SYBR","SYBR","Unknown",21.222054,82,"Auto Tm","Automatic Ct","Automatic","Automatic",0.028106883,"WT","2020-08-01","M21"
310,"ybeZY","SYBR","SYBR","Unknown",20.592398,82.6,"Auto Tm","Automatic Ct","Automatic","Automatic",0.028106883,"WT","2020-08-01","M22"
311,"ybeZY","SYBR","SYBR","Unknown",20.33541,82.8,"Auto Tm","Automatic Ct","Automatic","Automatic",0.028106883,"WT","2020-08-01","M23"
100,"CorA","SYBR","SYBR","Unknown",21.078157,87.3,"Auto Tm","Automatic Ct","Automatic","Automatic",0.028106883,"WT","2020-08-01","E4"
101,"cysG","SYBR","SYBR","Unknown",20.286644,88.1,"Auto Tm","Automatic Ct","Automatic","Automatic",0.028106883,"WT","2020-08-01","E5"
102,"frr","SYBR","SYBR","Unknown",16.068361,92.6,"Auto Tm","Automatic Ct","Automatic","Automatic",0.028106883,"WT","2020-08-01","E6"
103,"gyrA","SYBR","SYBR","Unknown",20.345205,84.6,"Auto Tm","Automatic Ct","Automatic","Automatic",0.028106883,"WT","2020-08-01","E7"
104,"hcaT","SYBR","SYBR","Unknown",25.311907,89.5,"Auto Tm","Automatic Ct","Automatic","Automatic",0.028106883,"WT","2020-08-01","E8"
105,"idnT","SYBR","SYBR","Unknown",25.933508,87.8,"Auto Tm","Automatic Ct","Automatic","Automatic",0.028106883,"WT","2020-08-01","E9"
106,"Lnt2","SYBR","SYBR","Unknown",23.13743,86.7,"Auto Tm","Automatic Ct","Automatic","Automatic",0.028106883,"WT","2020-08-01","E10"
107,"Lnt","SYBR","SYBR","Unknown",23.45545,90.9,"Auto Tm","Automatic Ct","Automatic","Automatic",0.028106883,"WT","2020-08-01","E11"
108,"miaB","SYBR","SYBR","Unknown",17.931524,85.9,"Auto Tm","Automatic Ct","Automatic","Automatic",0.028106883,"WT","2020-08-01","E12"
109,"ybeX","SYBR","SYBR","Unknown",19.604614,85.1,"Auto Tm","Automatic Ct","Automatic","Automatic",0.028106883,"WT","2020-08-01","E13"
110,"ybeY","SYBR","SYBR","Unknown",22.602556,86.4,"Auto Tm","Automatic Ct","Automatic","Automatic",0.028106883,"WT","2020-08-01","E14"
111,"ybeZ","SYBR","SYBR","Unknown",22.766062,87.8,"Auto Tm","Automatic Ct","Automatic","Automatic",0.028106883,"WT","2020-08-01","E15"
112,"ybeZY","SYBR","SYBR","Unknown",21.166754,82.4,"Auto Tm","Automatic Ct","Automatic","Automatic",0.028106883,"WT","2020-08-01","E16"
124,"CorA","SYBR","SYBR","Unknown",21.4737,87.3,"Auto Tm","Automatic Ct","Automatic","Automatic",0.028106883,"WT","2020-08-01","F4"
125,"cysG","SYBR","SYBR","Unknown",20.187458,88.1,"Auto Tm","Automatic Ct","Automatic","Automatic",0.028106883,"WT","2020-08-01","F5"
126,"frr","SYBR","SYBR","Unknown",15.572888,86.8,"Auto Tm","Automatic Ct","Automatic","Automatic",0.028106883,"WT","2020-08-01","F6"
127,"gyrA","SYBR","SYBR","Unknown",20.070852,84.6,"Auto Tm","Automatic Ct","Automatic","Automatic",0.028106883,"WT","2020-08-01","F7"
128,"hcaT","SYBR","SYBR","Unknown",24.776266,89.5,"Auto Tm","Automatic Ct","Automatic","Automatic",0.028106883,"WT","2020-08-01","F8"
129,"idnT","SYBR","SYBR","Unknown",25.645498,87.8,"Auto Tm","Automatic Ct","Automatic","Automatic",0.028106883,"WT","2020-08-01","F9"
130,"Lnt2","SYBR","SYBR","Unknown",22.726883,86.7,"Auto Tm","Automatic Ct","Automatic","Automatic",0.028106883,"WT","2020-08-01","F10"
131,"Lnt","SYBR","SYBR","Unknown",23.44966,90.9,"Auto Tm","Automatic Ct","Automatic","Automatic",0.028106883,"WT","2020-08-01","F11"
132,"miaB","SYBR","SYBR","Unknown",17.903704,85.6,"Auto Tm","Automatic Ct","Automatic","Automatic",0.028106883,"WT","2020-08-01","F12"
133,"ybeX","SYBR","SYBR","Unknown",19.500305,85.1,"Auto Tm","Automatic Ct","Automatic","Automatic",0.028106883,"WT","2020-08-01","F13"
134,"ybeY","SYBR","SYBR","Unknown",24.302126,86.4,"Auto Tm","Automatic Ct","Automatic","Automatic",0.028106883,"WT","2020-08-01","F14"
135,"ybeZ","SYBR","SYBR","Unknown",21.99863,87.8,"Auto Tm","Automatic Ct","Automatic","Automatic",0.028106883,"WT","2020-08-01","F15"
136,"ybeZY","SYBR","SYBR","Unknown",21.312046,82.4,"Auto Tm","Automatic Ct","Automatic","Automatic",0.028106883,"WT","2020-08-01","F16"
148,"CorA","SYBR","SYBR","Unknown",20.670425,87.3,"Auto Tm","Automatic Ct","Automatic","Automatic",0.028106883,"WT","2020-08-01","G4"
149,"cysG","SYBR","SYBR","Unknown",20.102097,88.1,"Auto Tm","Automatic Ct","Automatic","Automatic",0.028106883,"WT","2020-08-01","G5"
150,"frr","SYBR","SYBR","Unknown",15.082033,86.8,"Auto Tm","Automatic Ct","Automatic","Automatic",0.028106883,"WT","2020-08-01","G6"
151,"gyrA","SYBR","SYBR","Unknown",20.481411,84.6,"Auto Tm","Automatic Ct","Automatic","Automatic",0.028106883,"WT","2020-08-01","G7"
152,"hcaT","SYBR","SYBR","Unknown",25.091045,89.5,"Auto Tm","Automatic Ct","Automatic","Automatic",0.028106883,"WT","2020-08-01","G8"
153,"idnT","SYBR","SYBR","Unknown",25.946125,87.8,"Auto Tm","Automatic Ct","Automatic","Automatic",0.028106883,"WT","2020-08-01","G9"
154,"Lnt2","SYBR","SYBR","Unknown",22.915857,86.7,"Auto Tm","Automatic Ct","Automatic","Automatic",0.028106883,"WT","2020-08-01","G10"
155,"Lnt","SYBR","SYBR","Unknown",23.459345,90.9,"Auto Tm","Automatic Ct","Automatic","Automatic",0.028106883,"WT","2020-08-01","G11"
156,"miaB","SYBR","SYBR","Unknown",18.209715,85.6,"Auto Tm","Automatic Ct","Automatic","Automatic",0.028106883,"WT","2020-08-01","G12"
157,"ybeX","SYBR","SYBR","Unknown",19.23438,85.1,"Auto Tm","Automatic Ct","Automatic","Automatic",0.028106883,"WT","2020-08-01","G13"
158,"ybeY","SYBR","SYBR","Unknown",24.34333,86.4,"Auto Tm","Automatic Ct","Automatic","Automatic",0.028106883,"WT","2020-08-01","G14"
159,"ybeZ","SYBR","SYBR","Unknown",22.334837,87.8,"Auto Tm","Automatic Ct","Automatic","Automatic",0.028106883,"WT","2020-08-01","G15"
160,"ybeZY","SYBR","SYBR","Unknown",21.370169,82.4,"Auto Tm","Automatic Ct","Automatic","Automatic",0.028106883,"WT","2020-08-01","G16"
172,"CorA","SYBR","SYBR","Unknown",21.325844,87.3,"Auto Tm","Automatic Ct","Automatic","Automatic",0.028106883,"WT","2020-08-01","H4"
173,"cysG","SYBR","SYBR","Unknown",20.436872,88.1,"Auto Tm","Automatic Ct","Automatic","Automatic",0.028106883,"WT","2020-08-01","H5"
174,"frr","SYBR","SYBR","Unknown",15.883745,86.8,"Auto Tm","Automatic Ct","Automatic","Automatic",0.028106883,"WT","2020-08-01","H6"
175,"gyrA","SYBR","SYBR","Unknown",20.512045,84.6,"Auto Tm","Automatic Ct","Automatic","Automatic",0.028106883,"WT","2020-08-01","H7"
176,"hcaT","SYBR","SYBR","Unknown",25.246788,89.5,"Auto Tm","Automatic Ct","Automatic","Automatic",0.028106883,"WT","2020-08-01","H8"
177,"idnT","SYBR","SYBR","Unknown",26.238848,87.8,"Auto Tm","Automatic Ct","Automatic","Automatic",0.028106883,"WT","2020-08-01","H9"
178,"Lnt2","SYBR","SYBR","Unknown",23.434828,86.7,"Auto Tm","Automatic Ct","Automatic","Automatic",0.028106883,"WT","2020-08-01","H10"
179,"Lnt","SYBR","SYBR","Unknown",23.634512,90.9,"Auto Tm","Automatic Ct","Automatic","Automatic",0.028106883,"WT","2020-08-01","H11"
180,"miaB","SYBR","SYBR","Unknown",17.932394,85.6,"Auto Tm","Automatic Ct","Automatic","Automatic",0.028106883,"WT","2020-08-01","H12"
181,"ybeX","SYBR","SYBR","Unknown",19.59758,85.1,"Auto Tm","Automatic Ct","Automatic","Automatic",0.028106883,"WT","2020-08-01","H13"
182,"ybeY","SYBR","SYBR","Unknown",23.939978,86.4,"Auto Tm","Automatic Ct","Automatic","Automatic",0.028106883,"WT","2020-08-01","H14"
183,"ybeZ","SYBR","SYBR","Unknown",22.998638,87.8,"Auto Tm","Automatic Ct","Automatic","Automatic",0.028106883,"WT","2020-08-01","H15"
196,"CorA","SYBR","SYBR","Unknown",21.111536,87.3,"Auto Tm","Automatic Ct","Automatic","Automatic",0.028106883,"WT","2020-08-01","I4"
197,"cysG","SYBR","SYBR","Unknown",20.241543,88.1,"Auto Tm","Automatic Ct","Automatic","Automatic",0.028106883,"WT","2020-08-01","I5"
198,"frr","SYBR","SYBR","Unknown",15.51738,86.8,"Auto Tm","Automatic Ct","Automatic","Automatic",0.028106883,"WT","2020-08-01","I6"
199,"gyrA","SYBR","SYBR","Unknown",21.098577,84.6,"Auto Tm","Automatic Ct","Automatic","Automatic",0.028106883,"WT","2020-08-01","I7"
200,"hcaT","SYBR","SYBR","Unknown",25.313375,89.5,"Auto Tm","Automatic Ct","Automatic","Automatic",0.028106883,"WT","2020-08-01","I8"
201,"idnT","SYBR","SYBR","Unknown",26.41382,87.8,"Auto Tm","Automatic Ct","Automatic","Automatic",0.028106883,"WT","2020-08-01","I9"
202,"Lnt2","SYBR","SYBR","Unknown",23.232279,86.7,"Auto Tm","Automatic Ct","Automatic","Automatic",0.028106883,"WT","2020-08-01","I10"
203,"Lnt","SYBR","SYBR","Unknown",23.29834,90.9,"Auto Tm","Automatic Ct","Automatic","Automatic",0.028106883,"WT","2020-08-01","I11"
204,"miaB","SYBR","SYBR","Unknown",18.401213,85.6,"Auto Tm","Automatic Ct","Automatic","Automatic",0.028106883,"WT","2020-08-01","I12"
205,"ybeX","SYBR","SYBR","Unknown",19.358,85.1,"Auto Tm","Automatic Ct","Automatic","Automatic",0.028106883,"WT","2020-08-01","I13"
206,"ybeY","SYBR","SYBR","Unknown",22.252863,86.4,"Auto Tm","Automatic Ct","Automatic","Automatic",0.028106883,"WT","2020-08-01","I14"
207,"ybeZ","SYBR","SYBR","Unknown",22.950468,87.8,"Auto Tm","Automatic Ct","Automatic","Automatic",0.028106883,"WT","2020-08-01","I15"
208,"ybeZY","SYBR","SYBR","Unknown",20.097324,82.4,"Auto Tm","Automatic Ct","Automatic","Automatic",0.028106883,"WT","2020-08-01","I16"
220,"CorA","SYBR","SYBR","Unknown",21.385042,87.3,"Auto Tm","Automatic Ct","Automatic","Automatic",0.028106883,"WT","2020-08-01","J4"
221,"cysG","SYBR","SYBR","Unknown",19.956131,88.1,"Auto Tm","Automatic Ct","Automatic","Automatic",0.028106883,"WT","2020-08-01","J5"
222,"frr","SYBR","SYBR","Unknown",15.552993,86.5,"Auto Tm","Automatic Ct","Automatic","Automatic",0.028106883,"WT","2020-08-01","J6"
223,"gyrA","SYBR","SYBR","Unknown",20.48126,84.6,"Auto Tm","Automatic Ct","Automatic","Automatic",0.028106883,"WT","2020-08-01","J7"
224,"hcaT","SYBR","SYBR","Unknown",25.09893,89.5,"Auto Tm","Automatic Ct","Automatic","Automatic",0.028106883,"WT","2020-08-01","J8"
225,"idnT","SYBR","SYBR","Unknown",26.750347,87.8,"Auto Tm","Automatic Ct","Automatic","Automatic",0.028106883,"WT","2020-08-01","J9"
226,"Lnt2","SYBR","SYBR","Unknown",23.453655,86.7,"Auto Tm","Automatic Ct","Automatic","Automatic",0.028106883,"WT","2020-08-01","J10"
227,"Lnt","SYBR","SYBR","Unknown",23.077997,90.9,"Auto Tm","Automatic Ct","Automatic","Automatic",0.028106883,"WT","2020-08-01","J11"
228,"miaB","SYBR","SYBR","Unknown",18.503153,85.6,"Auto Tm","Automatic Ct","Automatic","Automatic",0.028106883,"WT","2020-08-01","J12"
229,"ybeX","SYBR","SYBR","Unknown",19.82453,85.1,"Auto Tm","Automatic Ct","Automatic","Automatic",0.028106883,"WT","2020-08-01","J13"
230,"ybeY","SYBR","SYBR","Unknown",24.439217,86.4,"Auto Tm","Automatic Ct","Automatic","Automatic",0.028106883,"WT","2020-08-01","J14"
231,"ybeZ","SYBR","SYBR","Unknown",23.306185,87.8,"Auto Tm","Automatic Ct","Automatic","Automatic",0.028106883,"WT","2020-08-01","J15"
232,"ybeZY","SYBR","SYBR","Unknown",20.083073,82.4,"Auto Tm","Automatic Ct","Automatic","Automatic",0.028106883,"WT","2020-08-01","J16"
244,"CorA","SYBR","SYBR","Unknown",21.290808,87.3,"Auto Tm","Automatic Ct","Automatic","Automatic",0.028106883,"WT","2020-08-01","K4"
245,"cysG","SYBR","SYBR","Unknown",20.013327,88.1,"Auto Tm","Automatic Ct","Automatic","Automatic",0.028106883,"WT","2020-08-01","K5"
246,"frr","SYBR","SYBR","Unknown",15.794627,86.5,"Auto Tm","Automatic Ct","Automatic","Automatic",0.028106883,"WT","2020-08-01","K6"
247,"gyrA","SYBR","SYBR","Unknown",20.382896,84.6,"Auto Tm","Automatic Ct","Automatic","Automatic",0.028106883,"WT","2020-08-01","K7"
248,"hcaT","SYBR","SYBR","Unknown",25.390753,89.5,"Auto Tm","Automatic Ct","Automatic","Automatic",0.028106883,"WT","2020-08-01","K8"
249,"idnT","SYBR","SYBR","Unknown",26.316813,87.8,"Auto Tm","Automatic Ct","Automatic","Automatic",0.028106883,"WT","2020-08-01","K9"
250,"Lnt2","SYBR","SYBR","Unknown",22.935434,86.7,"Auto Tm","Automatic Ct","Automatic","Automatic",0.028106883,"WT","2020-08-01","K10"
251,"Lnt","SYBR","SYBR","Unknown",23.697048,90.6,"Auto Tm","Automatic Ct","Automatic","Automatic",0.028106883,"WT","2020-08-01","K11"
252,"miaB","SYBR","SYBR","Unknown",18.432781,85.6,"Auto Tm","Automatic Ct","Automatic","Automatic",0.028106883,"WT","2020-08-01","K12"
253,"ybeX","SYBR","SYBR","Unknown",19.733555,85.1,"Auto Tm","Automatic Ct","Automatic","Automatic",0.028106883,"WT","2020-08-01","K13"
254,"ybeY","SYBR","SYBR","Unknown",24.015156,86.4,"Auto Tm","Automatic Ct","Automatic","Automatic",0.028106883,"WT","2020-08-01","K14"
255,"ybeZ","SYBR","SYBR","Unknown",22.73024,87.8,"Auto Tm","Automatic Ct","Automatic","Automatic",0.028106883,"WT","2020-08-01","K15"
256,"ybeZY","SYBR","SYBR","Unknown",21.710363,82.4,"Auto Tm","Automatic Ct","Automatic","Automatic",0.028106883,"WT","2020-08-01","K16"
268,"CorA","SYBR","SYBR","Unknown",21.559938,87.3,"Auto Tm","Automatic Ct","Automatic","Automatic",0.028106883,"WT","2020-08-01","L4"
269,"cysG","SYBR","SYBR","Unknown",20.587282,87.9,"Auto Tm","Automatic Ct","Automatic","Automatic",0.028106883,"WT","2020-08-01","L5"
270,"frr","SYBR","SYBR","Unknown",15.632797,86.5,"Auto Tm","Automatic Ct","Automatic","Automatic",0.028106883,"WT","2020-08-01","L6"
271,"gyrA","SYBR","SYBR","Unknown",20.738258,84.3,"Auto Tm","Automatic Ct","Automatic","Automatic",0.028106883,"WT","2020-08-01","L7"
272,"hcaT","SYBR","SYBR","Unknown",25.100737,89.5,"Auto Tm","Automatic Ct","Automatic","Automatic",0.028106883,"WT","2020-08-01","L8"
273,"idnT","SYBR","SYBR","Unknown",26.200016,87.8,"Auto Tm","Automatic Ct","Automatic","Automatic",0.028106883,"WT","2020-08-01","L9"
274,"Lnt2","SYBR","SYBR","Unknown",23.273834,86.7,"Auto Tm","Automatic Ct","Automatic","Automatic",0.028106883,"WT","2020-08-01","L10"
275,"Lnt","SYBR","SYBR","Unknown",23.309416,90.6,"Auto Tm","Automatic Ct","Automatic","Automatic",0.028106883,"WT","2020-08-01","L11"
276,"miaB","SYBR","SYBR","Unknown",18.62185,85.6,"Auto Tm","Automatic Ct","Automatic","Automatic",0.028106883,"WT","2020-08-01","L12"
277,"ybeX","SYBR","SYBR","Unknown",19.550821,85.1,"Auto Tm","Automatic Ct","Automatic","Automatic",0.028106883,"WT","2020-08-01","L13"
278,"ybeY","SYBR","SYBR","Unknown",23.69119,86.4,"Auto Tm","Automatic Ct","Automatic","Automatic",0.028106883,"WT","2020-08-01","L14"
279,"ybeZ","SYBR","SYBR","Unknown",22.966806,87.5,"Auto Tm","Automatic Ct","Automatic","Automatic",0.028106883,"WT","2020-08-01","L15"
280,"ybeZY","SYBR","SYBR","Unknown",21.449598,82.4,"Auto Tm","Automatic Ct","Automatic","Automatic",0.028106883,"WT","2020-08-01","L16"
292,"CorA","SYBR","SYBR","Unknown",21.208176,87.3,"Auto Tm","Automatic Ct","Automatic","Automatic",0.028106883,"WT","2020-08-01","M4"
293,"cysG","SYBR","SYBR","Unknown",20.482046,87.9,"Auto Tm","Automatic Ct","Automatic","Automatic",0.028106883,"WT","2020-08-01","M5"
294,"frr","SYBR","SYBR","Unknown",15.587762,86.5,"Auto Tm","Automatic Ct","Automatic","Automatic",0.028106883,"WT","2020-08-01","M6"
295,"gyrA","SYBR","SYBR","Unknown",20.30715,84.3,"Auto Tm","Automatic Ct","Automatic","Automatic",0.028106883,"WT","2020-08-01","M7"
296,"hcaT","SYBR","SYBR","Unknown",25.375345,89.5,"Auto Tm","Automatic Ct","Automatic","Automatic",0.028106883,"WT","2020-08-01","M8"
297,"idnT","SYBR","SYBR","Unknown",26.14806,87.8,"Auto Tm","Automatic Ct","Automatic","Automatic",0.028106883,"WT","2020-08-01","M9"
298,"Lnt2","SYBR","SYBR","Unknown",22.977444,86.7,"Auto Tm","Automatic Ct","Automatic","Automatic",0.028106883,"WT","2020-08-01","M10"
299,"Lnt","SYBR","SYBR","Unknown",23.916065,90.9,"Auto Tm","Automatic Ct","Automatic","Automatic",0.028106883,"WT","2020-08-01","M11"
300,"miaB","SYBR","SYBR","Unknown",18.339005,85.6,"Auto Tm","Automatic Ct","Automatic","Automatic",0.028106883,"WT","2020-08-01","M12"
301,"ybeX","SYBR","SYBR","Unknown",19.710531,85.1,"Auto Tm","Automatic Ct","Automatic","Automatic",0.028106883,"WT","2020-08-01","M13"
302,"ybeY","SYBR","SYBR","Unknown",23.939774,86.4,"Auto Tm","Automatic Ct","Automatic","Automatic",0.028106883,"WT","2020-08-01","M14"
303,"ybeZ","SYBR","SYBR","Unknown",23.13282,87.8,"Auto Tm","Automatic Ct","Automatic","Automatic",0.028106883,"WT","2020-08-01","M15"
304,"ybeZY","SYBR","SYBR","Unknown",21.318764,82.4,"Auto Tm","Automatic Ct","Automatic","Automatic",0.028106883,"WT","2020-08-01","M16"
316,"CorA","SYBR","SYBR","Unknown",21.04125,87.3,"Auto Tm","Automatic Ct","Automatic","Automatic",0.028106883,"WT","2020-08-01","N4"
317,"cysG","SYBR","SYBR","Unknown",19.943998,87.9,"Auto Tm","Automatic Ct","Automatic","Automatic",0.028106883,"WT","2020-08-01","N5"
318,"frr","SYBR","SYBR","Unknown",15.993524,86.5,"Auto Tm","Automatic Ct","Automatic","Automatic",0.028106883,"WT","2020-08-01","N6"
319,"gyrA","SYBR","SYBR","Unknown",19.864609,84.3,"Auto Tm","Automatic Ct","Automatic","Automatic",0.028106883,"WT","2020-08-01","N7"
320,"hcaT","SYBR","SYBR","Unknown",24.52281,89.5,"Auto Tm","Automatic Ct","Automatic","Automatic",0.028106883,"WT","2020-08-01","N8"
321,"idnT","SYBR","SYBR","Unknown",25.590048,87.8,"Auto Tm","Automatic Ct","Automatic","Automatic",0.028106883,"WT","2020-08-01","N9"
322,"Lnt2","SYBR","SYBR","Unknown",22.383469,86.7,"Auto Tm","Automatic Ct","Automatic","Automatic",0.028106883,"WT","2020-08-01","N10"
323,"Lnt","SYBR","SYBR","Unknown",22.198763,90.9,"Auto Tm","Automatic Ct","Automatic","Automatic",0.028106883,"WT","2020-08-01","N11"
324,"miaB","SYBR","SYBR","Unknown",18.397024,85.6,"Auto Tm","Automatic Ct","Automatic","Automatic",0.028106883,"WT","2020-08-01","N12"
325,"ybeX","SYBR","SYBR","Unknown",18.748466,85.1,"Auto Tm","Automatic Ct","Automatic","Automatic",0.028106883,"WT","2020-08-01","N13"
326,"ybeY","SYBR","SYBR","Unknown",22.453686,86.4,"Auto Tm","Automatic Ct","Automatic","Automatic",0.028106883,"WT","2020-08-01","N14"
327,"ybeZ","SYBR","SYBR","Unknown",21.52796,87.8,"Auto Tm","Automatic Ct","Automatic","Automatic",0.028106883,"WT","2020-08-01","N15"
328,"ybeZY","SYBR","SYBR","Unknown",21.019327,82.4,"Auto Tm","Automatic Ct","Automatic","Automatic",0.028106883,"WT","2020-08-01","N16"
340,"CorA","SYBR","SYBR","Unknown",20.787355,87.3,"Auto Tm","Automatic Ct","Automatic","Automatic",0.028106883,"WT","2020-08-01","O4"
341,"cysG","SYBR","SYBR","Unknown",19.807436,87.9,"Auto Tm","Automatic Ct","Automatic","Automatic",0.028106883,"WT","2020-08-01","O5"
342,"frr","SYBR","SYBR","Unknown",15.714007,86.5,"Auto Tm","Automatic Ct","Automatic","Automatic",0.028106883,"WT","2020-08-01","O6"
343,"gyrA","SYBR","SYBR","Unknown",19.653372,84.3,"Auto Tm","Automatic Ct","Automatic","Automatic",0.028106883,"WT","2020-08-01","O7"
344,"hcaT","SYBR","SYBR","Unknown",23.837378,89.5,"Auto Tm","Automatic Ct","Automatic","Automatic",0.028106883,"WT","2020-08-01","O8"
345,"idnT","SYBR","SYBR","Unknown",25.263023,87.8,"Auto Tm","Automatic Ct","Automatic","Automatic",0.028106883,"WT","2020-08-01","O9"
346,"Lnt2","SYBR","SYBR","Unknown",22.061934,86.7,"Auto Tm","Automatic Ct","Automatic","Automatic",0.028106883,"WT","2020-08-01","O10"
347,"Lnt","SYBR","SYBR","Unknown",22.389948,90.9,"Auto Tm","Automatic Ct","Automatic","Automatic",0.028106883,"WT","2020-08-01","O11"
348,"miaB","SYBR","SYBR","Unknown",18.108515,85.6,"Auto Tm","Automatic Ct","Automatic","Automatic",0.028106883,"WT","2020-08-01","O12"
349,"ybeX","SYBR","SYBR","Unknown",18.713192,85.1,"Auto Tm","Automatic Ct","Automatic","Automatic",0.028106883,"WT","2020-08-01","O13"
350,"ybeY","SYBR","SYBR","Unknown",23.900707,86.4,"Auto Tm","Automatic Ct","Automatic","Automatic",0.028106883,"WT","2020-08-01","O14"
351,"ybeZ","SYBR","SYBR","Unknown",21.22965,87.8,"Auto Tm","Automatic Ct","Automatic","Automatic",0.028106883,"WT","2020-08-01","O15"
352,"ybeZY","SYBR","SYBR","Unknown",20.829847,82.4,"Auto Tm","Automatic Ct","Automatic","Automatic",0.028106883,"WT","2020-08-01","O16"
364,"CorA","SYBR","SYBR","Unknown",21.232565,87.1,"Auto Tm","Automatic Ct","Automatic","Automatic",0.028106883,"WT","2020-08-01","P4"
365,"cysG","SYBR","SYBR","Unknown",20.319452,87.9,"Auto Tm","Automatic Ct","Automatic","Automatic",0.028106883,"WT","2020-08-01","P5"
366,"frr","SYBR","SYBR","Unknown",15.6529455,86.5,"Auto Tm","Automatic Ct","Automatic","Automatic",0.028106883,"WT","2020-08-01","P6"
367,"gyrA","SYBR","SYBR","Unknown",19.321125,84.3,"Auto Tm","Automatic Ct","Automatic","Automatic",0.028106883,"WT","2020-08-01","P7"
368,"hcaT","SYBR","SYBR","Unknown",24.496113,89.5,"Auto Tm","Automatic Ct","Automatic","Automatic",0.028106883,"WT","2020-08-01","P8"
369,"idnT","SYBR","SYBR","Unknown",25.412848,87.8,"Auto Tm","Automatic Ct","Automatic","Automatic",0.028106883,"WT","2020-08-01","P9"
370,"Lnt2","SYBR","SYBR","Unknown",22.474386,86.7,"Auto Tm","Automatic Ct","Automatic","Automatic",0.028106883,"WT","2020-08-01","P10"
371,"Lnt","SYBR","SYBR","Unknown",22.604647,90.9,"Auto Tm","Automatic Ct","Automatic","Automatic",0.028106883,"WT","2020-08-01","P11"
372,"miaB","SYBR","SYBR","Unknown",18.145918,85.6,"Auto Tm","Automatic Ct","Automatic","Automatic",0.028106883,"WT","2020-08-01","P12"
373,"ybeX","SYBR","SYBR","Unknown",18.72006,85.1,"Auto Tm","Automatic Ct","Automatic","Automatic",0.028106883,"WT","2020-08-01","P13"
374,"ybeY","SYBR","SYBR","Unknown",24.195227,86.4,"Auto Tm","Automatic Ct","Automatic","Automatic",0.028106883,"WT","2020-08-01","P14"
375,"ybeZ","SYBR","SYBR","Unknown",21.250324,87.8,"Auto Tm","Automatic Ct","Automatic","Automatic",0.028106883,"WT","2020-08-01","P15"
376,"ybeZY","SYBR","SYBR","Unknown",20.732296,82.4,"Auto Tm","Automatic Ct","Automatic","Automatic",0.028106883,"WT","2020-08-01","P16"
28,"CorA","SYBR","SYBR","Unknown",21.934662,62,"Auto Tm","Automatic Ct","Automatic","Automatic",0.120600335,"ybeX","2020-08-24","B4"
29,"cysG","SYBR","SYBR","Unknown",21.486607,90.9,"Auto Tm","Automatic Ct","Automatic","Automatic",0.120600335,"ybeX","2020-08-24","B5"
30,"frr","SYBR","SYBR","Unknown",16.55948,89,"Auto Tm","Automatic Ct","Automatic","Automatic",0.120600335,"ybeX","2020-08-24","B6"
31,"gyrA","SYBR","SYBR","Unknown",22.195543,86.5,"Auto Tm","Automatic Ct","Automatic","Automatic",0.120600335,"ybeX","2020-08-24","B7"
32,"hcaT","SYBR","SYBR","Unknown",24.820017,91.4,"Auto Tm","Automatic Ct","Automatic","Automatic",0.120600335,"ybeX","2020-08-24","B8"
33,"idnT","SYBR","SYBR","Unknown",25.35333,88.1,"Auto Tm","Automatic Ct","Automatic","Automatic",0.120600335,"ybeX","2020-08-24","B9"
34,"Lnt2","SYBR","SYBR","Unknown",22.77799,87,"Auto Tm","Automatic Ct","Automatic","Automatic",0.120600335,"ybeX","2020-08-24","B10"
35,"Lnt","SYBR","SYBR","Unknown",22.247263,90.9,"Auto Tm","Automatic Ct","Automatic","Automatic",0.120600335,"ybeX","2020-08-24","B11"
36,"miaB","SYBR","SYBR","Unknown",19.473083,85.6,"Auto Tm","Automatic Ct","Automatic","Automatic",0.120600335,"ybeX","2020-08-24","B12"
37,"ybeX","SYBR","SYBR","Unknown",32.99759,85.1,"Auto Tm","Automatic Ct","Automatic","Automatic",0.120600335,"ybeX","2020-08-24","B13"
38,"ybeY","SYBR","SYBR","Unknown",23.5715,86.4,"Auto Tm","Automatic Ct","Automatic","Automatic",0.120600335,"ybeX","2020-08-24","B14"
39,"ybeZ","SYBR","SYBR","Unknown",20.293825,87.8,"Auto Tm","Automatic Ct","Automatic","Automatic",0.120600335,"ybeX","2020-08-24","B15"
40,"ybeZY","SYBR","SYBR","Unknown",21.015545,83.1,"Auto Tm","Automatic Ct","Automatic","Automatic",0.120600335,"ybeX","2020-08-24","B16"
52,"CorA","SYBR","SYBR","Unknown",21.235735,87.3,"Auto Tm","Automatic Ct","Automatic","Automatic",0.120600335,"ybeX","2020-08-24","C4"
53,"cysG","SYBR","SYBR","Unknown",21.19719,88.1,"Auto Tm","Automatic Ct","Automatic","Automatic",0.120600335,"ybeX","2020-08-24","C5"
54,"frr","SYBR","SYBR","Unknown",16.671928,86.8,"Auto Tm","Automatic Ct","Automatic","Automatic",0.120600335,"ybeX","2020-08-24","C6"
55,"gyrA","SYBR","SYBR","Unknown",21.923374,84.6,"Auto Tm","Automatic Ct","Automatic","Automatic",0.120600335,"ybeX","2020-08-24","C7"
56,"hcaT","SYBR","SYBR","Unknown",25.05627,89.5,"Auto Tm","Automatic Ct","Automatic","Automatic",0.120600335,"ybeX","2020-08-24","C8"
57,"idnT","SYBR","SYBR","Unknown",25.594378,87.8,"Auto Tm","Automatic Ct","Automatic","Automatic",0.120600335,"ybeX","2020-08-24","C9"
58,"Lnt2","SYBR","SYBR","Unknown",22.737507,86.7,"Auto Tm","Automatic Ct","Automatic","Automatic",0.120600335,"ybeX","2020-08-24","C10"
59,"Lnt","SYBR","SYBR","Unknown",22.550547,90.9,"Auto Tm","Automatic Ct","Automatic","Automatic",0.120600335,"ybeX","2020-08-24","C11"
60,"miaB","SYBR","SYBR","Unknown",19.408993,85.6,"Auto Tm","Automatic Ct","Automatic","Automatic",0.120600335,"ybeX","2020-08-24","C12"
61,"ybeX","SYBR","SYBR","Unknown",32.687286,85.1,"Auto Tm","Automatic Ct","Automatic","Automatic",0.120600335,"ybeX","2020-08-24","C13"
62,"ybeY","SYBR","SYBR","Unknown",23.61581,86.4,"Auto Tm","Automatic Ct","Automatic","Automatic",0.120600335,"ybeX","2020-08-24","C14"
63,"ybeZ","SYBR","SYBR","Unknown",22.023108,88,"Auto Tm","Automatic Ct","Automatic","Automatic",0.120600335,"ybeX","2020-08-24","C15"
64,"ybeZY","SYBR","SYBR","Unknown",21.255377,82.6,"Auto Tm","Automatic Ct","Automatic","Automatic",0.120600335,"ybeX","2020-08-24","C16"
76,"CorA","SYBR","SYBR","Unknown",21.23163,87.3,"Auto Tm","Automatic Ct","Automatic","Automatic",0.120600335,"ybeX","2020-08-24","D4"
77,"cysG","SYBR","SYBR","Unknown",21.16956,88.1,"Auto Tm","Automatic Ct","Automatic","Automatic",0.120600335,"ybeX","2020-08-24","D5"
78,"frr","SYBR","SYBR","Unknown",16.588766,86.8,"Auto Tm","Automatic Ct","Automatic","Automatic",0.120600335,"ybeX","2020-08-24","D6"
79,"gyrA","SYBR","SYBR","Unknown",NA,62,"Auto Tm","Automatic Ct","Automatic","Automatic",0.120600335,"ybeX","2020-08-24","D7"
80,"hcaT","SYBR","SYBR","Unknown",25.118855,89.5,"Auto Tm","Automatic Ct","Automatic","Automatic",0.120600335,"ybeX","2020-08-24","D8"
81,"idnT","SYBR","SYBR","Unknown",25.490007,87.8,"Auto Tm","Automatic Ct","Automatic","Automatic",0.120600335,"ybeX","2020-08-24","D9"
82,"Lnt2","SYBR","SYBR","Unknown",22.718958,86.7,"Auto Tm","Automatic Ct","Automatic","Automatic",0.120600335,"ybeX","2020-08-24","D10"
83,"Lnt","SYBR","SYBR","Unknown",22.575966,90.9,"Auto Tm","Automatic Ct","Automatic","Automatic",0.120600335,"ybeX","2020-08-24","D11"
84,"miaB","SYBR","SYBR","Unknown",19.339613,85.9,"Auto Tm","Automatic Ct","Automatic","Automatic",0.120600335,"ybeX","2020-08-24","D12"
85,"ybeX","SYBR","SYBR","Unknown",33.493156,85.1,"Auto Tm","Automatic Ct","Automatic","Automatic",0.120600335,"ybeX","2020-08-24","D13"
86,"ybeY","SYBR","SYBR","Unknown",23.668598,86.7,"Auto Tm","Automatic Ct","Automatic","Automatic",0.120600335,"ybeX","2020-08-24","D14"
87,"ybeZ","SYBR","SYBR","Unknown",22.328238,87.8,"Auto Tm","Automatic Ct","Automatic","Automatic",0.120600335,"ybeX","2020-08-24","D15"
88,"ybeZY","SYBR","SYBR","Unknown",21.176092,82.3,"Auto Tm","Automatic Ct","Automatic","Automatic",0.120600335,"ybeX","2020-08-24","D16"
124,"CorA","SYBR","SYBR","Unknown",21.26682,87.3,"Auto Tm","Automatic Ct","Automatic","Automatic",0.120600335,"ybeX","2020-08-24","F4"
125,"cysG","SYBR","SYBR","Unknown",21.385202,88.1,"Auto Tm","Automatic Ct","Automatic","Automatic",0.120600335,"ybeX","2020-08-24","F5"
126,"frr","SYBR","SYBR","Unknown",17.054958,86.8,"Auto Tm","Automatic Ct","Automatic","Automatic",0.120600335,"ybeX","2020-08-24","F6"
127,"gyrA","SYBR","SYBR","Unknown",21.984425,84.6,"Auto Tm","Automatic Ct","Automatic","Automatic",0.120600335,"ybeX","2020-08-24","F7"
128,"hcaT","SYBR","SYBR","Unknown",25.653465,89.5,"Auto Tm","Automatic Ct","Automatic","Automatic",0.120600335,"ybeX","2020-08-24","F8"
129,"idnT","SYBR","SYBR","Unknown",25.447401,87.8,"Auto Tm","Automatic Ct","Automatic","Automatic",0.120600335,"ybeX","2020-08-24","F9"
130,"Lnt2","SYBR","SYBR","Unknown",22.816177,86.7,"Auto Tm","Automatic Ct","Automatic","Automatic",0.120600335,"ybeX","2020-08-24","F10"
131,"Lnt","SYBR","SYBR","Unknown",22.40407,90.9,"Auto Tm","Automatic Ct","Automatic","Automatic",0.120600335,"ybeX","2020-08-24","F11"
132,"miaB","SYBR","SYBR","Unknown",19.497427,85.9,"Auto Tm","Automatic Ct","Automatic","Automatic",0.120600335,"ybeX","2020-08-24","F12"
133,"ybeX","SYBR","SYBR","Unknown",31.62389,85.1,"Auto Tm","Automatic Ct","Automatic","Automatic",0.120600335,"ybeX","2020-08-24","F13"
134,"ybeY","SYBR","SYBR","Unknown",23.955746,86.4,"Auto Tm","Automatic Ct","Automatic","Automatic",0.120600335,"ybeX","2020-08-24","F14"
135,"ybeZ","SYBR","SYBR","Unknown",22.122757,87.8,"Auto Tm","Automatic Ct","Automatic","Automatic",0.120600335,"ybeX","2020-08-24","F15"
136,"ybeZY","SYBR","SYBR","Unknown",21.456636,82.3,"Auto Tm","Automatic Ct","Automatic","Automatic",0.120600335,"ybeX","2020-08-24","F16"
148,"CorA","SYBR","SYBR","Unknown",21.26742,87.3,"Auto Tm","Automatic Ct","Automatic","Automatic",0.120600335,"ybeX","2020-08-24","G4"
149,"cysG","SYBR","SYBR","Unknown",21.395954,88.1,"Auto Tm","Automatic Ct","Automatic","Automatic",0.120600335,"ybeX","2020-08-24","G5"
150,"frr","SYBR","SYBR","Unknown",16.929384,86.8,"Auto Tm","Automatic Ct","Automatic","Automatic",0.120600335,"ybeX","2020-08-24","G6"
151,"gyrA","SYBR","SYBR","Unknown",21.939089,84.6,"Auto Tm","Automatic Ct","Automatic","Automatic",0.120600335,"ybeX","2020-08-24","G7"
152,"hcaT","SYBR","SYBR","Unknown",25.204754,89.5,"Auto Tm","Automatic Ct","Automatic","Automatic",0.120600335,"ybeX","2020-08-24","G8"
153,"idnT","SYBR","SYBR","Unknown",25.511095,87.8,"Auto Tm","Automatic Ct","Automatic","Automatic",0.120600335,"ybeX","2020-08-24","G9"
154,"Lnt2","SYBR","SYBR","Unknown",22.916006,86.7,"Auto Tm","Automatic Ct","Automatic","Automatic",0.120600335,"ybeX","2020-08-24","G10"
155,"Lnt","SYBR","SYBR","Unknown",22.516888,90.9,"Auto Tm","Automatic Ct","Automatic","Automatic",0.120600335,"ybeX","2020-08-24","G11"
156,"miaB","SYBR","SYBR","Unknown",19.500864,85.6,"Auto Tm","Automatic Ct","Automatic","Automatic",0.120600335,"ybeX","2020-08-24","G12"
158,"ybeY","SYBR","SYBR","Unknown",23.942125,86.4,"Auto Tm","Automatic Ct","Automatic","Automatic",0.120600335,"ybeX","2020-08-24","G14"
159,"ybeZ","SYBR","SYBR","Unknown",22.08559,87.8,"Auto Tm","Automatic Ct","Automatic","Automatic",0.120600335,"ybeX","2020-08-24","G15"
160,"ybeZY","SYBR","SYBR","Unknown",21.440178,82.3,"Auto Tm","Automatic Ct","Automatic","Automatic",0.120600335,"ybeX","2020-08-24","G16"
172,"CorA","SYBR","SYBR","Unknown",21.480385,87.3,"Auto Tm","Automatic Ct","Automatic","Automatic",0.120600335,"ybeX","2020-08-24","H4"
173,"cysG","SYBR","SYBR","Unknown",21.432129,88.1,"Auto Tm","Automatic Ct","Automatic","Automatic",0.120600335,"ybeX","2020-08-24","H5"
174,"frr","SYBR","SYBR","Unknown",16.783981,86.8,"Auto Tm","Automatic Ct","Automatic","Automatic",0.120600335,"ybeX","2020-08-24","H6"
175,"gyrA","SYBR","SYBR","Unknown",21.996183,84.6,"Auto Tm","Automatic Ct","Automatic","Automatic",0.120600335,"ybeX","2020-08-24","H7"
176,"hcaT","SYBR","SYBR","Unknown",25.25007,89.5,"Auto Tm","Automatic Ct","Automatic","Automatic",0.120600335,"ybeX","2020-08-24","H8"
177,"idnT","SYBR","SYBR","Unknown",25.194405,87.8,"Auto Tm","Automatic Ct","Automatic","Automatic",0.120600335,"ybeX","2020-08-24","H9"
178,"Lnt2","SYBR","SYBR","Unknown",22.852762,86.7,"Auto Tm","Automatic Ct","Automatic","Automatic",0.120600335,"ybeX","2020-08-24","H10"
179,"Lnt","SYBR","SYBR","Unknown",22.636898,90.9,"Auto Tm","Automatic Ct","Automatic","Automatic",0.120600335,"ybeX","2020-08-24","H11"
180,"miaB","SYBR","SYBR","Unknown",19.449364,85.6,"Auto Tm","Automatic Ct","Automatic","Automatic",0.120600335,"ybeX","2020-08-24","H12"
181,"ybeX","SYBR","SYBR","Unknown",30.446857,85.1,"Auto Tm","Automatic Ct","Automatic","Automatic",0.120600335,"ybeX","2020-08-24","H13"
182,"ybeY","SYBR","SYBR","Unknown",23.81921,86.4,"Auto Tm","Automatic Ct","Automatic","Automatic",0.120600335,"ybeX","2020-08-24","H14"
183,"ybeZ","SYBR","SYBR","Unknown",22.29188,87.8,"Auto Tm","Automatic Ct","Automatic","Automatic",0.120600335,"ybeX","2020-08-24","H15"
220,"CorA","SYBR","SYBR","Unknown",21.750923,87.3,"Auto Tm","Automatic Ct","Automatic","Automatic",0.120600335,"ybeX","2020-08-24","J4"
221,"cysG","SYBR","SYBR","Unknown",21.23064,88.1,"Auto Tm","Automatic Ct","Automatic","Automatic",0.120600335,"ybeX","2020-08-24","J5"
222,"frr","SYBR","SYBR","Unknown",17.438128,86.8,"Auto Tm","Automatic Ct","Automatic","Automatic",0.120600335,"ybeX","2020-08-24","J6"
223,"gyrA","SYBR","SYBR","Unknown",22.390213,84.6,"Auto Tm","Automatic Ct","Automatic","Automatic",0.120600335,"ybeX","2020-08-24","J7"
224,"hcaT","SYBR","SYBR","Unknown",25.746191,89.5,"Auto Tm","Automatic Ct","Automatic","Automatic",0.120600335,"ybeX","2020-08-24","J8"
225,"idnT","SYBR","SYBR","Unknown",25.855236,87.8,"Auto Tm","Automatic Ct","Automatic","Automatic",0.120600335,"ybeX","2020-08-24","J9"
226,"Lnt2","SYBR","SYBR","Unknown",22.87117,86.7,"Auto Tm","Automatic Ct","Automatic","Automatic",0.120600335,"ybeX","2020-08-24","J10"
227,"Lnt","SYBR","SYBR","Unknown",22.994278,90.9,"Auto Tm","Automatic Ct","Automatic","Automatic",0.120600335,"ybeX","2020-08-24","J11"
228,"miaB","SYBR","SYBR","Unknown",19.863878,85.6,"Auto Tm","Automatic Ct","Automatic","Automatic",0.120600335,"ybeX","2020-08-24","J12"
229,"ybeX","SYBR","SYBR","Unknown",34.185028,85.1,"Auto Tm","Automatic Ct","Automatic","Automatic",0.120600335,"ybeX","2020-08-24","J13"
230,"ybeY","SYBR","SYBR","Unknown",24.107426,86.4,"Auto Tm","Automatic Ct","Automatic","Automatic",0.120600335,"ybeX","2020-08-24","J14"
231,"ybeZ","SYBR","SYBR","Unknown",22.86023,87.8,"Auto Tm","Automatic Ct","Automatic","Automatic",0.120600335,"ybeX","2020-08-24","J15"
232,"ybeZY","SYBR","SYBR","Unknown",21.784977,82.3,"Auto Tm","Automatic Ct","Automatic","Automatic",0.120600335,"ybeX","2020-08-24","J16"
244,"CorA","SYBR","SYBR","Unknown",21.222267,87.3,"Auto Tm","Automatic Ct","Automatic","Automatic",0.120600335,"ybeX","2020-08-24","K4"
245,"cysG","SYBR","SYBR","Unknown",21.227669,88.1,"Auto Tm","Automatic Ct","Automatic","Automatic",0.120600335,"ybeX","2020-08-24","K5"
246,"frr","SYBR","SYBR","Unknown",17.21708,86.8,"Auto Tm","Automatic Ct","Automatic","Automatic",0.120600335,"ybeX","2020-08-24","K6"
247,"gyrA","SYBR","SYBR","Unknown",22.238441,84.6,"Auto Tm","Automatic Ct","Automatic","Automatic",0.120600335,"ybeX","2020-08-24","K7"
248,"hcaT","SYBR","SYBR","Unknown",25.462172,89.5,"Auto Tm","Automatic Ct","Automatic","Automatic",0.120600335,"ybeX","2020-08-24","K8"
249,"idnT","SYBR","SYBR","Unknown",25.875763,87.8,"Auto Tm","Automatic Ct","Automatic","Automatic",0.120600335,"ybeX","2020-08-24","K9"
250,"Lnt2","SYBR","SYBR","Unknown",23.053654,86.7,"Auto Tm","Automatic Ct","Automatic","Automatic",0.120600335,"ybeX","2020-08-24","K10"
251,"Lnt","SYBR","SYBR","Unknown",23.154512,90.6,"Auto Tm","Automatic Ct","Automatic","Automatic",0.120600335,"ybeX","2020-08-24","K11"
252,"miaB","SYBR","SYBR","Unknown",19.775509,85.6,"Auto Tm","Automatic Ct","Automatic","Automatic",0.120600335,"ybeX","2020-08-24","K12"
253,"ybeX","SYBR","SYBR","Unknown",32.596268,85.1,"Auto Tm","Automatic Ct","Automatic","Automatic",0.120600335,"ybeX","2020-08-24","K13"
254,"ybeY","SYBR","SYBR","Unknown",23.880495,86.4,"Auto Tm","Automatic Ct","Automatic","Automatic",0.120600335,"ybeX","2020-08-24","K14"
255,"ybeZ","SYBR","SYBR","Unknown",22.758554,87.8,"Auto Tm","Automatic Ct","Automatic","Automatic",0.120600335,"ybeX","2020-08-24","K15"
256,"ybeZY","SYBR","SYBR","Unknown",21.774925,82.3,"Auto Tm","Automatic Ct","Automatic","Automatic",0.120600335,"ybeX","2020-08-24","K16"
268,"CorA","SYBR","SYBR","Unknown",21.35087,87.3,"Auto Tm","Automatic Ct","Automatic","Automatic",0.120600335,"ybeX","2020-08-24","L4"
269,"cysG","SYBR","SYBR","Unknown",21.338186,88.1,"Auto Tm","Automatic Ct","Automatic","Automatic",0.120600335,"ybeX","2020-08-24","L5"
270,"frr","SYBR","SYBR","Unknown",16.934828,86.5,"Auto Tm","Automatic Ct","Automatic","Automatic",0.120600335,"ybeX","2020-08-24","L6"
271,"gyrA","SYBR","SYBR","Unknown",22.286211,84.6,"Auto Tm","Automatic Ct","Automatic","Automatic",0.120600335,"ybeX","2020-08-24","L7"
272,"hcaT","SYBR","SYBR","Unknown",25.600092,89.5,"Auto Tm","Automatic Ct","Automatic","Automatic",0.120600335,"ybeX","2020-08-24","L8"
273,"idnT","SYBR","SYBR","Unknown",25.781654,87.8,"Auto Tm","Automatic Ct","Automatic","Automatic",0.120600335,"ybeX","2020-08-24","L9"
274,"Lnt2","SYBR","SYBR","Unknown",23.169443,86.7,"Auto Tm","Automatic Ct","Automatic","Automatic",0.120600335,"ybeX","2020-08-24","L10"
275,"Lnt","SYBR","SYBR","Unknown",23.013744,90.9,"Auto Tm","Automatic Ct","Automatic","Automatic",0.120600335,"ybeX","2020-08-24","L11"
276,"miaB","SYBR","SYBR","Unknown",19.731958,85.6,"Auto Tm","Automatic Ct","Automatic","Automatic",0.120600335,"ybeX","2020-08-24","L12"
277,"ybeX","SYBR","SYBR","Unknown",35.32196,85.1,"Auto Tm","Automatic Ct","Automatic","Automatic",0.120600335,"ybeX","2020-08-24","L13"
278,"ybeY","SYBR","SYBR","Unknown",24.017717,86.4,"Auto Tm","Automatic Ct","Automatic","Automatic",0.120600335,"ybeX","2020-08-24","L14"
279,"ybeZ","SYBR","SYBR","Unknown",22.614101,87.8,"Auto Tm","Automatic Ct","Automatic","Automatic",0.120600335,"ybeX","2020-08-24","L15"
280,"ybeZY","SYBR","SYBR","Unknown",21.769146,82.3,"Auto Tm","Automatic Ct","Automatic","Automatic",0.120600335,"ybeX","2020-08-24","L16"
316,"CorA","SYBR","SYBR","Unknown",21.498793,87.3,"Auto Tm","Automatic Ct","Automatic","Automatic",0.120600335,"ybeX","2020-08-24","N4"
317,"cysG","SYBR","SYBR","Unknown",NA,62,"Auto Tm","Automatic Ct","Automatic","Automatic",0.120600335,"ybeX","2020-08-24","N5"
318,"frr","SYBR","SYBR","Unknown",17.270515,86.5,"Auto Tm","Automatic Ct","Automatic","Automatic",0.120600335,"ybeX","2020-08-24","N6"
319,"gyrA","SYBR","SYBR","Unknown",22.679976,84.3,"Auto Tm","Automatic Ct","Automatic","Automatic",0.120600335,"ybeX","2020-08-24","N7"
320,"hcaT","SYBR","SYBR","Unknown",26.423586,89.5,"Auto Tm","Automatic Ct","Automatic","Automatic",0.120600335,"ybeX","2020-08-24","N8"
321,"idnT","SYBR","SYBR","Unknown",26.225302,87.8,"Auto Tm","Automatic Ct","Automatic","Automatic",0.120600335,"ybeX","2020-08-24","N9"
322,"Lnt2","SYBR","SYBR","Unknown",23.304897,86.7,"Auto Tm","Automatic Ct","Automatic","Automatic",0.120600335,"ybeX","2020-08-24","N10"
323,"Lnt","SYBR","SYBR","Unknown",24.065584,90.6,"Auto Tm","Automatic Ct","Automatic","Automatic",0.120600335,"ybeX","2020-08-24","N11"
324,"miaB","SYBR","SYBR","Unknown",20.168274,85.6,"Auto Tm","Automatic Ct","Automatic","Automatic",0.120600335,"ybeX","2020-08-24","N12"
325,"ybeX","SYBR","SYBR","Unknown",32.495636,85.1,"Auto Tm","Automatic Ct","Automatic","Automatic",0.120600335,"ybeX","2020-08-24","N13"
326,"ybeY","SYBR","SYBR","Unknown",24.681602,86.4,"Auto Tm","Automatic Ct","Automatic","Automatic",0.120600335,"ybeX","2020-08-24","N14"
327,"ybeZ","SYBR","SYBR","Unknown",23.450422,87.8,"Auto Tm","Automatic Ct","Automatic","Automatic",0.120600335,"ybeX","2020-08-24","N15"
328,"ybeZY","SYBR","SYBR","Unknown",22.30682,82.1,"Auto Tm","Automatic Ct","Automatic","Automatic",0.120600335,"ybeX","2020-08-24","N16"
340,"CorA","SYBR","SYBR","Unknown",21.565628,87.1,"Auto Tm","Automatic Ct","Automatic","Automatic",0.120600335,"ybeX","2020-08-24","O4"
341,"cysG","SYBR","SYBR","Unknown",21.691242,87.9,"Auto Tm","Automatic Ct","Automatic","Automatic",0.120600335,"ybeX","2020-08-24","O5"
342,"frr","SYBR","SYBR","Unknown",17.183126,86.5,"Auto Tm","Automatic Ct","Automatic","Automatic",0.120600335,"ybeX","2020-08-24","O6"
343,"gyrA","SYBR","SYBR","Unknown",22.561518,84.3,"Auto Tm","Automatic Ct","Automatic","Automatic",0.120600335,"ybeX","2020-08-24","O7"
344,"hcaT","SYBR","SYBR","Unknown",25.829458,89.5,"Auto Tm","Automatic Ct","Automatic","Automatic",0.120600335,"ybeX","2020-08-24","O8"
345,"idnT","SYBR","SYBR","Unknown",26.23544,87.8,"Auto Tm","Automatic Ct","Automatic","Automatic",0.120600335,"ybeX","2020-08-24","O9"
346,"Lnt2","SYBR","SYBR","Unknown",23.259277,86.7,"Auto Tm","Automatic Ct","Automatic","Automatic",0.120600335,"ybeX","2020-08-24","O10"
347,"Lnt","SYBR","SYBR","Unknown",23.468279,90.9,"Auto Tm","Automatic Ct","Automatic","Automatic",0.120600335,"ybeX","2020-08-24","O11"
348,"miaB","SYBR","SYBR","Unknown",19.791182,85.6,"Auto Tm","Automatic Ct","Automatic","Automatic",0.120600335,"ybeX","2020-08-24","O12"
349,"ybeX","SYBR","SYBR","Unknown",32.051956,85.1,"Auto Tm","Automatic Ct","Automatic","Automatic",0.120600335,"ybeX","2020-08-24","O13"
350,"ybeY","SYBR","SYBR","Unknown",24.572086,86.4,"Auto Tm","Automatic Ct","Automatic","Automatic",0.120600335,"ybeX","2020-08-24","O14"
351,"ybeZ","SYBR","SYBR","Unknown",23.42617,87.8,"Auto Tm","Automatic Ct","Automatic","Automatic",0.120600335,"ybeX","2020-08-24","O15"
352,"ybeZY","SYBR","SYBR","Unknown",22.032076,82.3,"Auto Tm","Automatic Ct","Automatic","Automatic",0.120600335,"ybeX","2020-08-24","O16"
364,"CorA","SYBR","SYBR","Unknown",21.327196,87.1,"Auto Tm","Automatic Ct","Automatic","Automatic",0.120600335,"ybeX","2020-08-24","P4"
365,"cysG","SYBR","SYBR","Unknown",21.568708,87.9,"Auto Tm","Automatic Ct","Automatic","Automatic",0.120600335,"ybeX","2020-08-24","P5"
366,"frr","SYBR","SYBR","Unknown",17.18763,86.5,"Auto Tm","Automatic Ct","Automatic","Automatic",0.120600335,"ybeX","2020-08-24","P6"
367,"gyrA","SYBR","SYBR","Unknown",22.5309,84.3,"Auto Tm","Automatic Ct","Automatic","Automatic",0.120600335,"ybeX","2020-08-24","P7"
368,"hcaT","SYBR","SYBR","Unknown",26.09778,89.5,"Auto Tm","Automatic Ct","Automatic","Automatic",0.120600335,"ybeX","2020-08-24","P8"
369,"idnT","SYBR","SYBR","Unknown",26.05017,87.8,"Auto Tm","Automatic Ct","Automatic","Automatic",0.120600335,"ybeX","2020-08-24","P9"
370,"Lnt2","SYBR","SYBR","Unknown",23.25793,86.7,"Auto Tm","Automatic Ct","Automatic","Automatic",0.120600335,"ybeX","2020-08-24","P10"
371,"Lnt","SYBR","SYBR","Unknown",23.614399,90.9,"Auto Tm","Automatic Ct","Automatic","Automatic",0.120600335,"ybeX","2020-08-24","P11"
372,"miaB","SYBR","SYBR","Unknown",19.66119,85.6,"Auto Tm","Automatic Ct","Automatic","Automatic",0.120600335,"ybeX","2020-08-24","P12"
373,"ybeX","SYBR","SYBR","Unknown",31.60897,85.1,"Auto Tm","Automatic Ct","Automatic","Automatic",0.120600335,"ybeX","2020-08-24","P13"
374,"ybeY","SYBR","SYBR","Unknown",24.537624,86.4,"Auto Tm","Automatic Ct","Automatic","Automatic",0.120600335,"ybeX","2020-08-24","P14"
375,"ybeZ","SYBR","SYBR","Unknown",23.478474,87.8,"Auto Tm","Automatic Ct","Automatic","Automatic",0.120600335,"ybeX","2020-08-24","P15"
376,"ybeZY","SYBR","SYBR","Unknown",21.937883,82.3,"Auto Tm","Automatic Ct","Automatic","Automatic",0.120600335,"ybeX","2020-08-24","P16"
28,"CorA","SYBR","SYBR","Unknown",20.850761,88.7,"Auto Tm","Automatic Ct","Automatic","Automatic",0.04372608,"ybeX","2021-10-24","B4"
30,"frr","SYBR","SYBR","Unknown",17.618011,88.7,"Auto Tm","Automatic Ct","Automatic","Automatic",0.04372608,"ybeX","2021-10-24","B6"
31,"gyrA","SYBR","SYBR","Unknown",20.697092,86,"Auto Tm","Automatic Ct","Automatic","Automatic",0.04372608,"ybeX","2021-10-24","B7"
33,"idnT","SYBR","SYBR","Unknown",23.278273,87.8,"Auto Tm","Automatic Ct","Automatic","Automatic",0.04372608,"ybeX","2021-10-24","B9"
34,"Lnt2","SYBR","SYBR","Unknown",21.694975,86.5,"Auto Tm","Automatic Ct","Automatic","Automatic",0.04372608,"ybeX","2021-10-24","B10"
35,"Lnt","SYBR","SYBR","Unknown",21.83804,91.7,"Auto Tm","Automatic Ct","Automatic","Automatic",0.04372608,"ybeX","2021-10-24","B11"
36,"miaB","SYBR","SYBR","Unknown",18.729836,85.7,"Auto Tm","Automatic Ct","Automatic","Automatic",0.04372608,"ybeX","2021-10-24","B12"
37,"ybeX","SYBR","SYBR","Unknown",35.231674,85.7,"Auto Tm","Automatic Ct","Automatic","Automatic",0.04372608,"ybeX","2021-10-24","B13"
38,"ybeY","SYBR","SYBR","Unknown",20.196531,86.2,"Auto Tm","Automatic Ct","Automatic","Automatic",0.04372608,"ybeX","2021-10-24","B14"
39,"ybeZ","SYBR","SYBR","Unknown",20.25372,87.3,"Auto Tm","Automatic Ct","Automatic","Automatic",0.04372608,"ybeX","2021-10-24","B15"
40,"ybeZY","SYBR","SYBR","Unknown",22.51576,81.8,"Auto Tm","Automatic Ct","Automatic","Automatic",0.04372608,"ybeX","2021-10-24","B16"
52,"CorA","SYBR","SYBR","Unknown",20.891113,86.8,"Auto Tm","Automatic Ct","Automatic","Automatic",0.04372608,"ybeX","2021-10-24","C4"
53,"cysG","SYBR","SYBR","Unknown",21.547903,87.4,"Auto Tm","Automatic Ct","Automatic","Automatic",0.04372608,"ybeX","2021-10-24","C5"
54,"frr","SYBR","SYBR","Unknown",18.308517,86,"Auto Tm","Automatic Ct","Automatic","Automatic",0.04372608,"ybeX","2021-10-24","C6"
55,"gyrA","SYBR","SYBR","Unknown",20.25474,83.8,"Auto Tm","Automatic Ct","Automatic","Automatic",0.04372608,"ybeX","2021-10-24","C7"
56,"hcaT","SYBR","SYBR","Unknown",23.28636,89,"Auto Tm","Automatic Ct","Automatic","Automatic",0.04372608,"ybeX","2021-10-24","C8"
57,"idnT","SYBR","SYBR","Unknown",23.278553,87.3,"Auto Tm","Automatic Ct","Automatic","Automatic",0.04372608,"ybeX","2021-10-24","C9"
58,"Lnt2","SYBR","SYBR","Unknown",21.597137,86.5,"Auto Tm","Automatic Ct","Automatic","Automatic",0.04372608,"ybeX","2021-10-24","C10"
59,"Lnt","SYBR","SYBR","Unknown",23.57721,90.3,"Auto Tm","Automatic Ct","Automatic","Automatic",0.04372608,"ybeX","2021-10-24","C11"
60,"miaB","SYBR","SYBR","Unknown",18.92561,85.1,"Auto Tm","Automatic Ct","Automatic","Automatic",0.04372608,"ybeX","2021-10-24","C12"
61,"ybeX","SYBR","SYBR","Unknown",33.516453,84.6,"Auto Tm","Automatic Ct","Automatic","Automatic",0.04372608,"ybeX","2021-10-24","C13"
62,"ybeY","SYBR","SYBR","Unknown",20.18064,85.9,"Auto Tm","Automatic Ct","Automatic","Automatic",0.04372608,"ybeX","2021-10-24","C14"
63,"ybeZ","SYBR","SYBR","Unknown",20.296227,87.3,"Auto Tm","Automatic Ct","Automatic","Automatic",0.04372608,"ybeX","2021-10-24","C15"
64,"ybeZY","SYBR","SYBR","Unknown",22.635056,81.6,"Auto Tm","Automatic Ct","Automatic","Automatic",0.04372608,"ybeX","2021-10-24","C16"
76,"CorA","SYBR","SYBR","Unknown",21.446348,86.8,"Auto Tm","Automatic Ct","Automatic","Automatic",0.04372608,"ybeX","2021-10-24","D4"
77,"cysG","SYBR","SYBR","Unknown",21.579414,87.6,"Auto Tm","Automatic Ct","Automatic","Automatic",0.04372608,"ybeX","2021-10-24","D5"
78,"frr","SYBR","SYBR","Unknown",18.199997,86.2,"Auto Tm","Automatic Ct","Automatic","Automatic",0.04372608,"ybeX","2021-10-24","D6"
79,"gyrA","SYBR","SYBR","Unknown",20.469994,83.8,"Auto Tm","Automatic Ct","Automatic","Automatic",0.04372608,"ybeX","2021-10-24","D7"
80,"hcaT","SYBR","SYBR","Unknown",23.381487,89,"Auto Tm","Automatic Ct","Automatic","Automatic",0.04372608,"ybeX","2021-10-24","D8"
81,"idnT","SYBR","SYBR","Unknown",23.267973,87.3,"Auto Tm","Automatic Ct","Automatic","Automatic",0.04372608,"ybeX","2021-10-24","D9"
82,"Lnt2","SYBR","SYBR","Unknown",21.54916,86.2,"Auto Tm","Automatic Ct","Automatic","Automatic",0.04372608,"ybeX","2021-10-24","D10"
83,"Lnt","SYBR","SYBR","Unknown",23.612122,90.3,"Auto Tm","Automatic Ct","Automatic","Automatic",0.04372608,"ybeX","2021-10-24","D11"
84,"miaB","SYBR","SYBR","Unknown",18.936867,85.1,"Auto Tm","Automatic Ct","Automatic","Automatic",0.04372608,"ybeX","2021-10-24","D12"
85,"ybeX","SYBR","SYBR","Unknown",33.463703,84.8,"Auto Tm","Automatic Ct","Automatic","Automatic",0.04372608,"ybeX","2021-10-24","D13"
86,"ybeY","SYBR","SYBR","Unknown",20.20011,85.9,"Auto Tm","Automatic Ct","Automatic","Automatic",0.04372608,"ybeX","2021-10-24","D14"
87,"ybeZ","SYBR","SYBR","Unknown",20.092403,87.3,"Auto Tm","Automatic Ct","Automatic","Automatic",0.04372608,"ybeX","2021-10-24","D15"
88,"ybeZY","SYBR","SYBR","Unknown",22.54967,81.6,"Auto Tm","Automatic Ct","Automatic","Automatic",0.04372608,"ybeX","2021-10-24","D16"
124,"CorA","SYBR","SYBR","Unknown",20.973028,86.8,"Auto Tm","Automatic Ct","Automatic","Automatic",0.04372608,"ybeX","2021-10-24","F4"
125,"cysG","SYBR","SYBR","Unknown",21.575844,87.6,"Auto Tm","Automatic Ct","Automatic","Automatic",0.04372608,"ybeX","2021-10-24","F5"
126,"frr","SYBR","SYBR","Unknown",18.029873,86.2,"Auto Tm","Automatic Ct","Automatic","Automatic",0.04372608,"ybeX","2021-10-24","F6"
127,"gyrA","SYBR","SYBR","Unknown",20.639362,84.1,"Auto Tm","Automatic Ct","Automatic","Automatic",0.04372608,"ybeX","2021-10-24","F7"
128,"hcaT","SYBR","SYBR","Unknown",23.514605,89,"Auto Tm","Automatic Ct","Automatic","Automatic",0.04372608,"ybeX","2021-10-24","F8"
129,"idnT","SYBR","SYBR","Unknown",23.607885,87.3,"Auto Tm","Automatic Ct","Automatic","Automatic",0.04372608,"ybeX","2021-10-24","F9"
130,"Lnt2","SYBR","SYBR","Unknown",21.709745,86.2,"Auto Tm","Automatic Ct","Automatic","Automatic",0.04372608,"ybeX","2021-10-24","F10"
131,"Lnt","SYBR","SYBR","Unknown",23.345121,90.3,"Auto Tm","Automatic Ct","Automatic","Automatic",0.04372608,"ybeX","2021-10-24","F11"
132,"miaB","SYBR","SYBR","Unknown",19.269844,85.1,"Auto Tm","Automatic Ct","Automatic","Automatic",0.04372608,"ybeX","2021-10-24","F12"
133,"ybeX","SYBR","SYBR","Unknown",31.558542,84.6,"Auto Tm","Automatic Ct","Automatic","Automatic",0.04372608,"ybeX","2021-10-24","F13"
134,"ybeY","SYBR","SYBR","Unknown",20.519938,85.9,"Auto Tm","Automatic Ct","Automatic","Automatic",0.04372608,"ybeX","2021-10-24","F14"
135,"ybeZ","SYBR","SYBR","Unknown",19.897263,87.3,"Auto Tm","Automatic Ct","Automatic","Automatic",0.04372608,"ybeX","2021-10-24","F15"
136,"ybeZY","SYBR","SYBR","Unknown",22.79715,81.6,"Auto Tm","Automatic Ct","Automatic","Automatic",0.04372608,"ybeX","2021-10-24","F16"
148,"CorA","SYBR","SYBR","Unknown",21.187176,86.8,"Auto Tm","Automatic Ct","Automatic","Automatic",0.04372608,"ybeX","2021-10-24","G4"
149,"cysG","SYBR","SYBR","Unknown",21.54591,87.6,"Auto Tm","Automatic Ct","Automatic","Automatic",0.04372608,"ybeX","2021-10-24","G5"
150,"frr","SYBR","SYBR","Unknown",18.385983,86.2,"Auto Tm","Automatic Ct","Automatic","Automatic",0.04372608,"ybeX","2021-10-24","G6"
151,"gyrA","SYBR","SYBR","Unknown",20.208145,84.1,"Auto Tm","Automatic Ct","Automatic","Automatic",0.04372608,"ybeX","2021-10-24","G7"
152,"hcaT","SYBR","SYBR","Unknown",23.310751,89,"Auto Tm","Automatic Ct","Automatic","Automatic",0.04372608,"ybeX","2021-10-24","G8"
153,"idnT","SYBR","SYBR","Unknown",23.482317,87.3,"Auto Tm","Automatic Ct","Automatic","Automatic",0.04372608,"ybeX","2021-10-24","G9"
154,"Lnt2","SYBR","SYBR","Unknown",22.102375,86.2,"Auto Tm","Automatic Ct","Automatic","Automatic",0.04372608,"ybeX","2021-10-24","G10"
155,"Lnt","SYBR","SYBR","Unknown",23.497765,90.6,"Auto Tm","Automatic Ct","Automatic","Automatic",0.04372608,"ybeX","2021-10-24","G11"
156,"miaB","SYBR","SYBR","Unknown",19.615646,85.1,"Auto Tm","Automatic Ct","Automatic","Automatic",0.04372608,"ybeX","2021-10-24","G12"
157,"ybeX","SYBR","SYBR","Unknown",32.755615,84.6,"Auto Tm","Automatic Ct","Automatic","Automatic",0.04372608,"ybeX","2021-10-24","G13"
158,"ybeY","SYBR","SYBR","Unknown",20.454855,85.9,"Auto Tm","Automatic Ct","Automatic","Automatic",0.04372608,"ybeX","2021-10-24","G14"
159,"ybeZ","SYBR","SYBR","Unknown",19.955847,87.3,"Auto Tm","Automatic Ct","Automatic","Automatic",0.04372608,"ybeX","2021-10-24","G15"
160,"ybeZY","SYBR","SYBR","Unknown",22.738464,81.6,"Auto Tm","Automatic Ct","Automatic","Automatic",0.04372608,"ybeX","2021-10-24","G16"
172,"CorA","SYBR","SYBR","Unknown",21.244343,86.8,"Auto Tm","Automatic Ct","Automatic","Automatic",0.04372608,"ybeX","2021-10-24","H4"
173,"cysG","SYBR","SYBR","Unknown",21.36721,87.6,"Auto Tm","Automatic Ct","Automatic","Automatic",0.04372608,"ybeX","2021-10-24","H5"
174,"frr","SYBR","SYBR","Unknown",18.143639,86.2,"Auto Tm","Automatic Ct","Automatic","Automatic",0.04372608,"ybeX","2021-10-24","H6"
175,"gyrA","SYBR","SYBR","Unknown",20.457417,84.1,"Auto Tm","Automatic Ct","Automatic","Automatic",0.04372608,"ybeX","2021-10-24","H7"
176,"hcaT","SYBR","SYBR","Unknown",23.340866,89,"Auto Tm","Automatic Ct","Automatic","Automatic",0.04372608,"ybeX","2021-10-24","H8"
177,"idnT","SYBR","SYBR","Unknown",23.468857,87.3,"Auto Tm","Automatic Ct","Automatic","Automatic",0.04372608,"ybeX","2021-10-24","H9"
178,"Lnt2","SYBR","SYBR","Unknown",21.620312,86.2,"Auto Tm","Automatic Ct","Automatic","Automatic",0.04372608,"ybeX","2021-10-24","H10"
179,"Lnt","SYBR","SYBR","Unknown",23.911705,90.3,"Auto Tm","Automatic Ct","Automatic","Automatic",0.04372608,"ybeX","2021-10-24","H11"
180,"miaB","SYBR","SYBR","Unknown",19.293032,85.1,"Auto Tm","Automatic Ct","Automatic","Automatic",0.04372608,"ybeX","2021-10-24","H12"
181,"ybeX","SYBR","SYBR","Unknown",30.40487,84.6,"Auto Tm","Automatic Ct","Automatic","Automatic",0.04372608,"ybeX","2021-10-24","H13"
182,"ybeY","SYBR","SYBR","Unknown",20.671886,85.9,"Auto Tm","Automatic Ct","Automatic","Automatic",0.04372608,"ybeX","2021-10-24","H14"
183,"ybeZ","SYBR","SYBR","Unknown",20.666647,87.3,"Auto Tm","Automatic Ct","Automatic","Automatic",0.04372608,"ybeX","2021-10-24","H15"
220,"CorA","SYBR","SYBR","Unknown",21.682177,86.8,"Auto Tm","Automatic Ct","Automatic","Automatic",0.04372608,"ybeX","2021-10-24","J4"
221,"cysG","SYBR","SYBR","Unknown",21.810076,87.6,"Auto Tm","Automatic Ct","Automatic","Automatic",0.04372608,"ybeX","2021-10-24","J5"
222,"frr","SYBR","SYBR","Unknown",18.538336,86.2,"Auto Tm","Automatic Ct","Automatic","Automatic",0.04372608,"ybeX","2021-10-24","J6"
223,"gyrA","SYBR","SYBR","Unknown",20.974888,84.1,"Auto Tm","Automatic Ct","Automatic","Automatic",0.04372608,"ybeX","2021-10-24","J7"
224,"hcaT","SYBR","SYBR","Unknown",23.709917,89,"Auto Tm","Automatic Ct","Automatic","Automatic",0.04372608,"ybeX","2021-10-24","J8"
225,"idnT","SYBR","SYBR","Unknown",23.833252,87.3,"Auto Tm","Automatic Ct","Automatic","Automatic",0.04372608,"ybeX","2021-10-24","J9"
226,"Lnt2","SYBR","SYBR","Unknown",22.25071,86.2,"Auto Tm","Automatic Ct","Automatic","Automatic",0.04372608,"ybeX","2021-10-24","J10"
227,"Lnt","SYBR","SYBR","Unknown",24.45838,90.3,"Auto Tm","Automatic Ct","Automatic","Automatic",0.04372608,"ybeX","2021-10-24","J11"
228,"miaB","SYBR","SYBR","Unknown",19.315617,85.1,"Auto Tm","Automatic Ct","Automatic","Automatic",0.04372608,"ybeX","2021-10-24","J12"
229,"ybeX","SYBR","SYBR","Unknown",30.832325,84.6,"Auto Tm","Automatic Ct","Automatic","Automatic",0.04372608,"ybeX","2021-10-24","J13"
230,"ybeY","SYBR","SYBR","Unknown",20.854,85.9,"Auto Tm","Automatic Ct","Automatic","Automatic",0.04372608,"ybeX","2021-10-24","J14"
231,"ybeZ","SYBR","SYBR","Unknown",20.99746,87.3,"Auto Tm","Automatic Ct","Automatic","Automatic",0.04372608,"ybeX","2021-10-24","J15"
232,"ybeZY","SYBR","SYBR","Unknown",23.089563,81.6,"Auto Tm","Automatic Ct","Automatic","Automatic",0.04372608,"ybeX","2021-10-24","J16"
244,"CorA","SYBR","SYBR","Unknown",21.66708,86.8,"Auto Tm","Automatic Ct","Automatic","Automatic",0.04372608,"ybeX","2021-10-24","K4"
245,"cysG","SYBR","SYBR","Unknown",21.915627,87.4,"Auto Tm","Automatic Ct","Automatic","Automatic",0.04372608,"ybeX","2021-10-24","K5"
246,"frr","SYBR","SYBR","Unknown",18.750135,86.2,"Auto Tm","Automatic Ct","Automatic","Automatic",0.04372608,"ybeX","2021-10-24","K6"
247,"gyrA","SYBR","SYBR","Unknown",20.675102,83.8,"Auto Tm","Automatic Ct","Automatic","Automatic",0.04372608,"ybeX","2021-10-24","K7"
248,"hcaT","SYBR","SYBR","Unknown",23.863747,89,"Auto Tm","Automatic Ct","Automatic","Automatic",0.04372608,"ybeX","2021-10-24","K8"
249,"idnT","SYBR","SYBR","Unknown",23.585297,87.3,"Auto Tm","Automatic Ct","Automatic","Automatic",0.04372608,"ybeX","2021-10-24","K9"
250,"Lnt2","SYBR","SYBR","Unknown",22.358206,86.2,"Auto Tm","Automatic Ct","Automatic","Automatic",0.04372608,"ybeX","2021-10-24","K10"
251,"Lnt","SYBR","SYBR","Unknown",24.844482,90.3,"Auto Tm","Automatic Ct","Automatic","Automatic",0.04372608,"ybeX","2021-10-24","K11"
252,"miaB","SYBR","SYBR","Unknown",19.679865,85.1,"Auto Tm","Automatic Ct","Automatic","Automatic",0.04372608,"ybeX","2021-10-24","K12"
253,"ybeX","SYBR","SYBR","Unknown",32.565674,84.6,"Auto Tm","Automatic Ct","Automatic","Automatic",0.04372608,"ybeX","2021-10-24","K13"
254,"ybeY","SYBR","SYBR","Unknown",20.740047,85.9,"Auto Tm","Automatic Ct","Automatic","Automatic",0.04372608,"ybeX","2021-10-24","K14"
255,"ybeZ","SYBR","SYBR","Unknown",20.884422,87.3,"Auto Tm","Automatic Ct","Automatic","Automatic",0.04372608,"ybeX","2021-10-24","K15"
256,"ybeZY","SYBR","SYBR","Unknown",23.406347,81.6,"Auto Tm","Automatic Ct","Automatic","Automatic",0.04372608,"ybeX","2021-10-24","K16"
268,"CorA","SYBR","SYBR","Unknown",21.529394,86.8,"Auto Tm","Automatic Ct","Automatic","Automatic",0.04372608,"ybeX","2021-10-24","L4"
269,"cysG","SYBR","SYBR","Unknown",21.732271,87.4,"Auto Tm","Automatic Ct","Automatic","Automatic",0.04372608,"ybeX","2021-10-24","L5"
270,"frr","SYBR","SYBR","Unknown",18.695053,86,"Auto Tm","Automatic Ct","Automatic","Automatic",0.04372608,"ybeX","2021-10-24","L6"
271,"gyrA","SYBR","SYBR","Unknown",21.144064,83.8,"Auto Tm","Automatic Ct","Automatic","Automatic",0.04372608,"ybeX","2021-10-24","L7"
272,"hcaT","SYBR","SYBR","Unknown",23.556734,89,"Auto Tm","Automatic Ct","Automatic","Automatic",0.04372608,"ybeX","2021-10-24","L8"
273,"idnT","SYBR","SYBR","Unknown",23.656563,87.3,"Auto Tm","Automatic Ct","Automatic","Automatic",0.04372608,"ybeX","2021-10-24","L9"
274,"Lnt2","SYBR","SYBR","Unknown",22.237642,86.2,"Auto Tm","Automatic Ct","Automatic","Automatic",0.04372608,"ybeX","2021-10-24","L10"
275,"Lnt","SYBR","SYBR","Unknown",24.75915,90.3,"Auto Tm","Automatic Ct","Automatic","Automatic",0.04372608,"ybeX","2021-10-24","L11"
276,"miaB","SYBR","SYBR","Unknown",19.708498,85.1,"Auto Tm","Automatic Ct","Automatic","Automatic",0.04372608,"ybeX","2021-10-24","L12"
277,"ybeX","SYBR","SYBR","Unknown",34.546665,84.8,"Auto Tm","Automatic Ct","Automatic","Automatic",0.04372608,"ybeX","2021-10-24","L13"
278,"ybeY","SYBR","SYBR","Unknown",20.854393,85.9,"Auto Tm","Automatic Ct","Automatic","Automatic",0.04372608,"ybeX","2021-10-24","L14"
279,"ybeZ","SYBR","SYBR","Unknown",20.939943,87.3,"Auto Tm","Automatic Ct","Automatic","Automatic",0.04372608,"ybeX","2021-10-24","L15"
