"Well","Gene","Ct","TmValue","Bacteria","TDate","SamP","BioRep","PurifRep"
172,"CorA",24.790329,87.1,"WT","2020-07-17","H4","df1","rep1"
173,"cysG",24.637844,87.6,"WT","2020-07-17","H5","df1","rep1"
174,"frr",22.317963,86.3,"WT","2020-07-17","H6","df1","rep1"
175,"gyrA",22.30332,84.1,"WT","2020-07-17","H7","df1","rep1"
176,"hcaT",26.591413,89,"WT","2020-07-17","H8","df1","rep1"
177,"idnT",27.62518,87.3,"WT","2020-07-17","H9","df1","rep1"
178,"Lnt2",23.636528,86.2,"WT","2020-07-17","H10","df1","rep1"
179,"Lnt",31.160397,90.3,"WT","2020-07-17","H11","df1","rep1"
180,"miaB",23.669653,85.1,"WT","2020-07-17","H12","df1","rep1"
181,"ybeX",21.105322,84.8,"WT","2020-07-17","H13","df1","rep1"
182,"ybeY",22.301544,85.9,"WT","2020-07-17","H14","df1","rep1"
183,"ybeZ",23.480984,87.3,"WT","2020-07-17","H15","df1","rep1"
196,"CorA",24.890844,86.8,"WT","2020-07-17","I4","df1","rep1"
197,"cysG",24.689102,87.6,"WT","2020-07-17","I5","df1","rep1"
198,"frr",22.511217,86.3,"WT","2020-07-17","I6","df1","rep1"
199,"gyrA",22.338596,84.1,"WT","2020-07-17","I7","df1","rep1"
200,"hcaT",26.646477,89,"WT","2020-07-17","I8","df1","rep1"
201,"idnT",27.681408,87.6,"WT","2020-07-17","I9","df1","rep1"
202,"Lnt2",23.62553,86.2,"WT","2020-07-17","I10","df1","rep1"
203,"Lnt",30.805515,90.3,"WT","2020-07-17","I11","df1","rep1"
204,"miaB",23.72864,85.4,"WT","2020-07-17","I12","df1","rep1"
205,"ybeX",21.335226,84.8,"WT","2020-07-17","I13","df1","rep1"
206,"ybeY",22.125294,85.9,"WT","2020-07-17","I14","df1","rep1"
207,"ybeZ",23.296343,87.3,"WT","2020-07-17","I15","df1","rep1"
208,"ybeZY",24.383022,81.9,"WT","2020-07-17","I16","df1","rep1"
220,"CorA",24.719196,86.8,"WT","2020-07-17","J4","df1","rep1"
221,"cysG",24.516434,87.6,"WT","2020-07-17","J5","df1","rep1"
222,"frr",22.346743,86.3,"WT","2020-07-17","J6","df1","rep1"
223,"gyrA",22.216957,84.1,"WT","2020-07-17","J7","df1","rep1"
224,"hcaT",26.88098,89,"WT","2020-07-17","J8","df1","rep1"
225,"idnT",27.712082,87.3,"WT","2020-07-17","J9","df1","rep1"
226,"Lnt2",23.921528,86.2,"WT","2020-07-17","J10","df1","rep1"
227,"Lnt",31.349577,90.3,"WT","2020-07-17","J11","df1","rep1"
228,"miaB",23.903822,85.4,"WT","2020-07-17","J12","df1","rep1"
229,"ybeX",21.44593,84.8,"WT","2020-07-17","J13","df1","rep1"
230,"ybeY",22.265078,85.9,"WT","2020-07-17","J14","df1","rep1"
231,"ybeZ",23.424686,87.3,"WT","2020-07-17","J15","df1","rep1"
232,"ybeZY",24.583826,81.9,"WT","2020-07-17","J16","df1","rep1"
149,"cysG",23.724733,87.9,"WT","2020-07-18","G5","df1","rep1"
150,"frr",18.62917,85.7,"WT","2020-07-18","G6","df1","rep1"
151,"gyrA",22.413496,84.1,"WT","2020-07-18","G7","df1","rep1"
152,"hcaT",27.174967,88.7,"WT","2020-07-18","G8","df1","rep1"
154,"Lnt2",24.53548,86.5,"WT","2020-07-18","G10","df1","rep1"
155,"Lnt",28.007025,90.6,"WT","2020-07-18","G11","df1","rep1"
157,"ybeX",22.159977,84.8,"WT","2020-07-18","G13","df1","rep1"
159,"ybeZ",23.930878,87.2,"WT","2020-07-18","G15","df1","rep1"
172,"CorA",23.986141,87.1,"WT","2020-07-18","H4","df1","rep1"
173,"cysG",23.542986,87.6,"WT","2020-07-18","H5","df1","rep1"
174,"frr",19.526373,86.2,"WT","2020-07-18","H6","df1","rep1"
175,"gyrA",22.22379,84.3,"WT","2020-07-18","H7","df1","rep1"
176,"hcaT",26.9409,89.5,"WT","2020-07-18","H8","df1","rep1"
179,"Lnt",27.761711,90.3,"WT","2020-07-18","H11","df1","rep1"
181,"ybeX",22.234118,84.6,"WT","2020-07-18","H13","df1","rep1"
182,"ybeY",25.776617,86.2,"WT","2020-07-18","H14","df1","rep1"
183,"ybeZ",24.230078,87.5,"WT","2020-07-18","H15","df1","rep1"
196,"CorA",25.067139,87.1,"WT","2020-07-18","I4","df1","rep1"
197,"cysG",23.706444,87.6,"WT","2020-07-18","I5","df1","rep1"
198,"frr",19.68233,86.2,"WT","2020-07-18","I6","df1","rep1"
199,"gyrA",22.487787,84.1,"WT","2020-07-18","I7","df1","rep1"
200,"hcaT",26.4255,89,"WT","2020-07-18","I8","df1","rep1"
206,"ybeY",25.988846,86.2,"WT","2020-07-18","I14","df1","rep1"
207,"ybeZ",24.115908,87.5,"WT","2020-07-18","I15","df1","rep1"
268,"CorA",25.087782,87.1,"WT","2020-07-18","L4","df2","rep1"
269,"cysG",23.28609,87.6,"WT","2020-07-18","L5","df2","rep1"
270,"frr",19.175323,86,"WT","2020-07-18","L6","df2","rep1"
271,"gyrA",22.325785,84.1,"WT","2020-07-18","L7","df2","rep1"
272,"hcaT",27.744652,89.2,"WT","2020-07-18","L8","df2","rep1"
273,"idnT",28.040865,87.3,"WT","2020-07-18","L9","df2","rep1"
274,"Lnt2",25.498865,86.5,"WT","2020-07-18","L10","df2","rep1"
275,"Lnt",28.493387,85.7,"WT","2020-07-18","L11","df2","rep1"
276,"miaB",23.237236,85.4,"WT","2020-07-18","L12","df2","rep1"
277,"ybeX",21.743752,84.6,"WT","2020-07-18","L13","df2","rep1"
278,"ybeY",26.858526,86.2,"WT","2020-07-18","L14","df2","rep1"
279,"ybeZ",25.156261,81.8,"WT","2020-07-18","L15","df2","rep1"
280,"ybeZY",24.595541,87.5,"WT","2020-07-18","L16","df2","rep1"
292,"CorA",24.823948,87.1,"WT","2020-07-18","M4","df2","rep1"
293,"cysG",23.132393,87.6,"WT","2020-07-18","M5","df2","rep1"
294,"frr",18.817528,86,"WT","2020-07-18","M6","df2","rep1"
295,"gyrA",22.639742,84.1,"WT","2020-07-18","M7","df2","rep1"
297,"idnT",28.09047,87.6,"WT","2020-07-18","M9","df2","rep1"
298,"Lnt2",24.919096,86.5,"WT","2020-07-18","M10","df2","rep1"
299,"Lnt",27.835327,90.3,"WT","2020-07-18","M11","df2","rep1"
300,"miaB",23.159184,85.1,"WT","2020-07-18","M12","df2","rep1"
301,"ybeX",21.841642,84.6,"WT","2020-07-18","M13","df2","rep1"
302,"ybeY",26.011961,85.9,"WT","2020-07-18","M14","df2","rep1"
304,"ybeZY",24.669264,87.5,"WT","2020-07-18","M16","df2","rep1"
316,"CorA",24.65212,87.1,"WT","2020-07-18","N4","df2","rep1"
317,"cysG",22.968582,87.6,"WT","2020-07-18","N5","df2","rep1"
318,"frr",19.980679,86,"WT","2020-07-18","N6","df2","rep1"
319,"gyrA",22.5683,84.1,"WT","2020-07-18","N7","df2","rep1"
320,"hcaT",27.397251,89.2,"WT","2020-07-18","N8","df2","rep1"
321,"idnT",27.901983,87.3,"WT","2020-07-18","N9","df2","rep1"
322,"Lnt2",24.683365,86.5,"WT","2020-07-18","N10","df2","rep1"
323,"Lnt",27.03525,90.3,"WT","2020-07-18","N11","df2","rep1"
324,"miaB",22.671284,85.1,"WT","2020-07-18","N12","df2","rep1"
325,"ybeX",22.844954,84.8,"WT","2020-07-18","N13","df2","rep1"
326,"ybeY",26.424377,86.2,"WT","2020-07-18","N14","df2","rep1"
327,"ybeZ",26.267784,81.8,"WT","2020-07-18","N15","df2","rep1"
328,"ybeZY",24.418406,87.2,"WT","2020-07-18","N16","df2","rep1"
28,"CorA",21.903805,87.9,"WT","2020-07-20","B4","df1","rep1"
30,"frr",16.820683,89.6,"WT","2020-07-20","B6","df1","rep1"
31,"gyrA",20.95666,86.5,"WT","2020-07-20","B7","df1","rep1"
32,"hcaT",25.069971,91.7,"WT","2020-07-20","B8","df1","rep1"
33,"idnT",26.447752,89,"WT","2020-07-20","B9","df1","rep1"
34,"Lnt2",23.16686,87.9,"WT","2020-07-20","B10","df1","rep1"
36,"miaB",20.075466,85.7,"WT","2020-07-20","B12","df1","rep1"
37,"ybeX",19.586515,85.1,"WT","2020-07-20","B13","df1","rep1"
38,"ybeY",24.65928,86.5,"WT","2020-07-20","B14","df1","rep1"
39,"ybeZ",22.593113,87.8,"WT","2020-07-20","B15","df1","rep1"
40,"ybeZY",21.394636,82.1,"WT","2020-07-20","B16","df1","rep1"
52,"CorA",22.00018,87.4,"WT","2020-07-20","C4","df1","rep1"
53,"cysG",21.377703,87.9,"WT","2020-07-20","C5","df1","rep1"
54,"frr",17.22435,86.5,"WT","2020-07-20","C6","df1","rep1"
55,"gyrA",20.834146,84.4,"WT","2020-07-20","C7","df1","rep1"
56,"hcaT",25.330172,89.5,"WT","2020-07-20","C8","df1","rep1"
57,"idnT",26.501186,87.9,"WT","2020-07-20","C9","df1","rep1"
58,"Lnt2",23.5265,86.8,"WT","2020-07-20","C10","df1","rep1"
59,"Lnt",24.560835,90.6,"WT","2020-07-20","C11","df1","rep1"
60,"miaB",19.927794,85.7,"WT","2020-07-20","C12","df1","rep1"
61,"ybeX",19.497925,85.1,"WT","2020-07-20","C13","df1","rep1"
62,"ybeY",24.527534,86.5,"WT","2020-07-20","C14","df1","rep1"
63,"ybeZ",22.6916,87.5,"WT","2020-07-20","C15","df1","rep1"
64,"ybeZY",21.462866,82.1,"WT","2020-07-20","C16","df1","rep1"
77,"cysG",21.540524,87.9,"WT","2020-07-20","D5","df1","rep1"
78,"frr",17.326569,86.5,"WT","2020-07-20","D6","df1","rep1"
79,"gyrA",20.853552,84.4,"WT","2020-07-20","D7","df1","rep1"
80,"hcaT",25.336771,89.3,"WT","2020-07-20","D8","df1","rep1"
81,"idnT",26.46425,87.9,"WT","2020-07-20","D9","df1","rep1"
82,"Lnt2",23.588978,86.8,"WT","2020-07-20","D10","df1","rep1"
83,"Lnt",24.78436,90.6,"WT","2020-07-20","D11","df1","rep1"
84,"miaB",20.08076,85.7,"WT","2020-07-20","D12","df1","rep1"
85,"ybeX",19.630482,85.1,"WT","2020-07-20","D13","df1","rep1"
86,"ybeY",24.84928,86.2,"WT","2020-07-20","D14","df1","rep1"
87,"ybeZ",22.886562,87.5,"WT","2020-07-20","D15","df1","rep1"
88,"ybeZY",21.412394,82.1,"WT","2020-07-20","D16","df1","rep1"
124,"CorA",22.245764,87.1,"WT","2020-07-20","F4","df1","rep2"
125,"cysG",21.699888,87.9,"WT","2020-07-20","F5","df1","rep2"
126,"frr",17.582348,86.5,"WT","2020-07-20","F6","df1","rep2"
127,"gyrA",21.232977,84.4,"WT","2020-07-20","F7","df1","rep2"
128,"hcaT",25.591473,89.3,"WT","2020-07-20","F8","df1","rep2"
129,"idnT",26.743979,87.6,"WT","2020-07-20","F9","df1","rep2"
130,"Lnt2",23.784706,86.5,"WT","2020-07-20","F10","df1","rep2"
131,"Lnt",24.968124,90.6,"WT","2020-07-20","F11","df1","rep2"
132,"miaB",20.42385,85.4,"WT","2020-07-20","F12","df1","rep2"
133,"ybeX",19.817532,84.9,"WT","2020-07-20","F13","df1","rep2"
134,"ybeY",24.822662,86.2,"WT","2020-07-20","F14","df1","rep2"
135,"ybeZ",22.906433,87.5,"WT","2020-07-20","F15","df1","rep2"
136,"ybeZY",21.596024,82.1,"WT","2020-07-20","F16","df1","rep2"
148,"CorA",22.281696,87.1,"WT","2020-07-20","G4","df1","rep2"
149,"cysG",21.605984,87.9,"WT","2020-07-20","G5","df1","rep2"
150,"frr",17.518148,86.5,"WT","2020-07-20","G6","df1","rep2"
151,"gyrA",21.127657,84.4,"WT","2020-07-20","G7","df1","rep2"
152,"hcaT",25.820868,89.3,"WT","2020-07-20","G8","df1","rep2"
153,"idnT",26.877445,87.6,"WT","2020-07-20","G9","df1","rep2"
154,"Lnt2",23.760435,86.5,"WT","2020-07-20","G10","df1","rep2"
155,"Lnt",25.177938,90.6,"WT","2020-07-20","G11","df1","rep2"
156,"miaB",20.457598,85.4,"WT","2020-07-20","G12","df1","rep2"
157,"ybeX",19.955904,84.9,"WT","2020-07-20","G13","df1","rep2"
158,"ybeY",24.674305,86.2,"WT","2020-07-20","G14","df1","rep2"
159,"ybeZ",22.517162,87.5,"WT","2020-07-20","G15","df1","rep2"
160,"ybeZY",21.426567,82.1,"WT","2020-07-20","G16","df1","rep2"
172,"CorA",22.19286,87.4,"WT","2020-07-20","H4","df1","rep2"
173,"cysG",21.661072,87.9,"WT","2020-07-20","H5","df1","rep2"
174,"frr",17.744703,86.5,"WT","2020-07-20","H6","df1","rep2"
175,"gyrA",21.002878,84.4,"WT","2020-07-20","H7","df1","rep2"
176,"hcaT",25.655209,89.3,"WT","2020-07-20","H8","df1","rep2"
177,"idnT",26.604374,87.6,"WT","2020-07-20","H9","df1","rep2"
178,"Lnt2",23.774712,86.8,"WT","2020-07-20","H10","df1","rep2"
179,"Lnt",25.370636,90.6,"WT","2020-07-20","H11","df1","rep2"
180,"miaB",20.507257,85.7,"WT","2020-07-20","H12","df1","rep2"
181,"ybeX",19.903822,84.9,"WT","2020-07-20","H13","df1","rep2"
182,"ybeY",24.84862,86.2,"WT","2020-07-20","H14","df1","rep2"
183,"ybeZ",23.096443,87.5,"WT","2020-07-20","H15","df1","rep2"
220,"CorA",22.084724,87.1,"WT","2020-07-20","J4","df2","rep1"
221,"cysG",21.493639,87.9,"WT","2020-07-20","J5","df2","rep1"
222,"frr",17.244362,86.5,"WT","2020-07-20","J6","df2","rep1"
223,"gyrA",20.608814,84.4,"WT","2020-07-20","J7","df2","rep1"
224,"hcaT",25.258387,89.3,"WT","2020-07-20","J8","df2","rep1"
225,"idnT",26.342833,87.6,"WT","2020-07-20","J9","df2","rep1"
226,"Lnt2",23.412447,86.8,"WT","2020-07-20","J10","df2","rep1"
227,"Lnt",25.125198,90.6,"WT","2020-07-20","J11","df2","rep1"
228,"miaB",20.363586,85.7,"WT","2020-07-20","J12","df2","rep1"
229,"ybeX",19.558302,85.1,"WT","2020-07-20","J13","df2","rep1"
230,"ybeY",25.177475,86.2,"WT","2020-07-20","J14","df2","rep1"
231,"ybeZ",23.087336,87.5,"WT","2020-07-20","J15","df2","rep1"
232,"ybeZY",21.454163,82.1,"WT","2020-07-20","J16","df2","rep1"
244,"CorA",22.16407,87.1,"WT","2020-07-20","K4","df2","rep1"
245,"cysG",21.496767,87.9,"WT","2020-07-20","K5","df2","rep1"
246,"frr",17.377668,86.5,"WT","2020-07-20","K6","df2","rep1"
247,"gyrA",20.559948,84.4,"WT","2020-07-20","K7","df2","rep1"
248,"hcaT",25.05633,89.3,"WT","2020-07-20","K8","df2","rep1"
249,"idnT",26.439669,87.6,"WT","2020-07-20","K9","df2","rep1"
250,"Lnt2",23.3462,86.8,"WT","2020-07-20","K10","df2","rep1"
251,"Lnt",24.874123,90.6,"WT","2020-07-20","K11","df2","rep1"
252,"miaB",20.33788,85.7,"WT","2020-07-20","K12","df2","rep1"
253,"ybeX",19.646105,84.9,"WT","2020-07-20","K13","df2","rep1"
254,"ybeY",25.097795,86.2,"WT","2020-07-20","K14","df2","rep1"
255,"ybeZ",23.161638,87.5,"WT","2020-07-20","K15","df2","rep1"
256,"ybeZY",21.474833,82.1,"WT","2020-07-20","K16","df2","rep1"
268,"CorA",22.055334,87.1,"WT","2020-07-20","L4","df2","rep1"
269,"cysG",21.42717,87.9,"WT","2020-07-20","L5","df2","rep1"
270,"frr",17.702103,86.3,"WT","2020-07-20","L6","df2","rep1"
271,"gyrA",20.719215,84.4,"WT","2020-07-20","L7","df2","rep1"
272,"hcaT",25.043415,89.3,"WT","2020-07-20","L8","df2","rep1"
273,"idnT",26.469013,87.6,"WT","2020-07-20","L9","df2","rep1"
274,"Lnt2",23.318537,86.8,"WT","2020-07-20","L10","df2","rep1"
275,"Lnt",24.562279,90.6,"WT","2020-07-20","L11","df2","rep1"
276,"miaB",20.460018,85.7,"WT","2020-07-20","L12","df2","rep1"
277,"ybeX",19.658337,84.9,"WT","2020-07-20","L13","df2","rep1"
278,"ybeY",25.271,86.2,"WT","2020-07-20","L14","df2","rep1"
280,"ybeZY",21.416134,82.1,"WT","2020-07-20","L16","df2","rep1"
316,"CorA",21.977812,87.1,"WT","2020-07-20","N4","df2","rep2"
317,"cysG",21.442165,87.6,"WT","2020-07-20","N5","df2","rep2"
318,"frr",17.616325,86.3,"WT","2020-07-20","N6","df2","rep2"
319,"gyrA",21.079697,84.1,"WT","2020-07-20","N7","df2","rep2"
320,"hcaT",25.48155,89.3,"WT","2020-07-20","N8","df2","rep2"
321,"idnT",26.782593,87.6,"WT","2020-07-20","N9","df2","rep2"
322,"Lnt2",23.696592,86.5,"WT","2020-07-20","N10","df2","rep2"
323,"Lnt",25.81276,90.6,"WT","2020-07-20","N11","df2","rep2"
324,"miaB",20.357212,85.4,"WT","2020-07-20","N12","df2","rep2"
325,"ybeX",19.602745,84.9,"WT","2020-07-20","N13","df2","rep2"
326,"ybeY",24.677692,86.2,"WT","2020-07-20","N14","df2","rep2"
327,"ybeZ",23.034525,87.5,"WT","2020-07-20","N15","df2","rep2"
328,"ybeZY",21.756042,82.1,"WT","2020-07-20","N16","df2","rep2"
340,"CorA",22.015532,87.1,"WT","2020-07-20","O4","df2","rep2"
341,"cysG",21.383228,87.6,"WT","2020-07-20","O5","df2","rep2"
342,"frr",17.496002,86.3,"WT","2020-07-20","O6","df2","rep2"
343,"gyrA",20.88756,84.1,"WT","2020-07-20","O7","df2","rep2"
344,"hcaT",25.236618,89.3,"WT","2020-07-20","O8","df2","rep2"
345,"idnT",26.81382,87.6,"WT","2020-07-20","O9","df2","rep2"
346,"Lnt2",23.65025,86.5,"WT","2020-07-20","O10","df2","rep2"
347,"Lnt",25.45581,90.6,"WT","2020-07-20","O11","df2","rep2"
348,"miaB",20.372362,85.4,"WT","2020-07-20","O12","df2","rep2"
349,"ybeX",19.668926,84.9,"WT","2020-07-20","O13","df2","rep2"
350,"ybeY",24.473412,86.2,"WT","2020-07-20","O14","df2","rep2"
351,"ybeZ",23.062674,87.5,"WT","2020-07-20","O15","df2","rep2"
352,"ybeZY",21.679426,82.1,"WT","2020-07-20","O16","df2","rep2"
364,"CorA",22.077488,87.1,"WT","2020-07-20","P4","df2","rep2"
365,"cysG",21.411102,87.6,"WT","2020-07-20","P5","df2","rep2"
366,"frr",17.573488,86.3,"WT","2020-07-20","P6","df2","rep2"
367,"gyrA",21.007648,84.1,"WT","2020-07-20","P7","df2","rep2"
368,"hcaT",25.34941,89.3,"WT","2020-07-20","P8","df2","rep2"
369,"idnT",26.600887,87.6,"WT","2020-07-20","P9","df2","rep2"
370,"Lnt2",23.801447,86.5,"WT","2020-07-20","P10","df2","rep2"
371,"Lnt",25.55493,90.6,"WT","2020-07-20","P11","df2","rep2"
372,"miaB",20.358862,85.4,"WT","2020-07-20","P12","df2","rep2"
373,"ybeX",19.84619,84.9,"WT","2020-07-20","P13","df2","rep2"
374,"ybeY",24.792635,86.2,"WT","2020-07-20","P14","df2","rep2"
375,"ybeZ",23.057507,87.5,"WT","2020-07-20","P15","df2","rep2"
376,"ybeZY",21.614937,82.1,"WT","2020-07-20","P16","df2","rep2"
20,"CorA",20.998158,87.2,"WT","2020-08-01","A20","df1","rep1"
21,"CorA",21.049965,88,"WT","2020-08-01","A21","df1","rep1"
22,"CorA",20.660824,88,"WT","2020-08-01","A22","df1","rep1"
23,"CorA",21.229574,88.3,"WT","2020-08-01","A23","df1","rep1"
44,"cysG",20.174635,90.2,"WT","2020-08-01","B20","df1","rep1"
45,"cysG",20.504328,90.5,"WT","2020-08-01","B21","df1","rep1"
46,"cysG",20.563848,90.5,"WT","2020-08-01","B22","df1","rep1"
68,"frr",15.141215,86.4,"WT","2020-08-01","C20","df1","rep1"
69,"frr",15.702138,86.4,"WT","2020-08-01","C21","df1","rep1"
70,"frr",15.671772,87.2,"WT","2020-08-01","C22","df1","rep1"
71,"frr",14.93056,88.8,"WT","2020-08-01","C23","df1","rep1"
92,"gyrA",19.348476,84.2,"WT","2020-08-01","D20","df1","rep1"
93,"gyrA",20.203346,84.2,"WT","2020-08-01","D21","df1","rep1"
94,"gyrA",20.054379,84.2,"WT","2020-08-01","D22","df1","rep1"
95,"gyrA",20.513868,85.8,"WT","2020-08-01","D23","df1","rep1"
116,"hcaT",23.779469,89.1,"WT","2020-08-01","E20","df1","rep1"
117,"hcaT",24.649788,89.1,"WT","2020-08-01","E21","df1","rep1"
118,"hcaT",24.669065,89.1,"WT","2020-08-01","E22","df1","rep1"
119,"hcaT",25.184443,91,"WT","2020-08-01","E23","df1","rep1"
140,"idnT",24.801409,87.5,"WT","2020-08-01","F20","df1","rep1"
141,"idnT",26.61539,87.5,"WT","2020-08-01","F21","df1","rep1"
142,"idnT",26.311563,87.5,"WT","2020-08-01","F22","df1","rep1"
143,"idnT",25.655207,88,"WT","2020-08-01","F23","df1","rep1"
164,"Lnt2",22.190712,86.4,"WT","2020-08-01","G20","df1","rep1"
165,"Lnt2",22.985561,86.6,"WT","2020-08-01","G21","df1","rep1"
166,"Lnt2",23.177668,86.3,"WT","2020-08-01","G22","df1","rep1"
167,"Lnt2",22.85144,86.9,"WT","2020-08-01","G23","df1","rep1"
188,"Lnt",22.445267,90.5,"WT","2020-08-01","H20","df1","rep1"
189,"Lnt",23.130411,90.5,"WT","2020-08-01","H21","df1","rep1"
190,"Lnt",23.231611,90.5,"WT","2020-08-01","H22","df1","rep1"
191,"Lnt",22.032625,90.7,"WT","2020-08-01","H23","df1","rep1"
212,"miaB",17.851236,85.6,"WT","2020-08-01","I20","df1","rep1"
213,"miaB",18.441092,85.6,"WT","2020-08-01","I21","df1","rep1"
214,"miaB",17.997074,85.6,"WT","2020-08-01","I22","df1","rep1"
215,"miaB",18.381708,85.6,"WT","2020-08-01","I23","df1","rep1"
236,"ybeX",18.894075,84.7,"WT","2020-08-01","J20","df1","rep1"
237,"ybeX",19.487644,85,"WT","2020-08-01","J21","df1","rep1"
238,"ybeX",19.535738,84.7,"WT","2020-08-01","J22","df1","rep1"
239,"ybeX",19.337786,86.3,"WT","2020-08-01","J23","df1","rep1"
260,"ybeY",23.546986,86.1,"WT","2020-08-01","K20","df1","rep1"
261,"ybeY",23.92838,86.1,"WT","2020-08-01","K21","df1","rep1"
262,"ybeY",23.699917,86.1,"WT","2020-08-01","K22","df1","rep1"
263,"ybeY",24.201849,87.7,"WT","2020-08-01","K23","df1","rep1"
284,"ybeZ",21.433262,87.5,"WT","2020-08-01","L20","df1","rep1"
285,"ybeZ",22.668741,87.5,"WT","2020-08-01","L21","df1","rep1"
286,"ybeZ",22.942543,87.5,"WT","2020-08-01","L22","df1","rep1"
287,"ybeZ",22.532799,89.4,"WT","2020-08-01","L23","df1","rep1"
308,"ybeZY",20.917217,82,"WT","2020-08-01","M20","df1","rep1"
309,"ybeZY",21.222054,82,"WT","2020-08-01","M21","df1","rep1"
310,"ybeZY",20.592398,82.6,"WT","2020-08-01","M22","df1","rep1"
311,"ybeZY",20.33541,82.8,"WT","2020-08-01","M23","df1","rep1"
100,"CorA",21.078157,87.3,"WT","2020-08-01","E4","df1","rep1"
101,"cysG",20.286644,88.1,"WT","2020-08-01","E5","df1","rep1"
102,"frr",16.068361,92.6,"WT","2020-08-01","E6","df1","rep1"
103,"gyrA",20.345205,84.6,"WT","2020-08-01","E7","df1","rep1"
104,"hcaT",25.311907,89.5,"WT","2020-08-01","E8","df1","rep1"
105,"idnT",25.933508,87.8,"WT","2020-08-01","E9","df1","rep1"
106,"Lnt2",23.13743,86.7,"WT","2020-08-01","E10","df1","rep1"
107,"Lnt",23.45545,90.9,"WT","2020-08-01","E11","df1","rep1"
108,"miaB",17.931524,85.9,"WT","2020-08-01","E12","df1","rep1"
109,"ybeX",19.604614,85.1,"WT","2020-08-01","E13","df1","rep1"
110,"ybeY",22.602556,86.4,"WT","2020-08-01","E14","df1","rep1"
111,"ybeZ",22.766062,87.8,"WT","2020-08-01","E15","df1","rep1"
112,"ybeZY",21.166754,82.4,"WT","2020-08-01","E16","df1","rep1"
124,"CorA",21.4737,87.3,"WT","2020-08-01","F4","df1","rep1"
125,"cysG",20.187458,88.1,"WT","2020-08-01","F5","df1","rep1"
126,"frr",15.572888,86.8,"WT","2020-08-01","F6","df1","rep1"
127,"gyrA",20.070852,84.6,"WT","2020-08-01","F7","df1","rep1"
128,"hcaT",24.776266,89.5,"WT","2020-08-01","F8","df1","rep1"
129,"idnT",25.645498,87.8,"WT","2020-08-01","F9","df1","rep1"
130,"Lnt2",22.726883,86.7,"WT","2020-08-01","F10","df1","rep1"
131,"Lnt",23.44966,90.9,"WT","2020-08-01","F11","df1","rep1"
132,"miaB",17.903704,85.6,"WT","2020-08-01","F12","df1","rep1"
133,"ybeX",19.500305,85.1,"WT","2020-08-01","F13","df1","rep1"
134,"ybeY",24.302126,86.4,"WT","2020-08-01","F14","df1","rep1"
135,"ybeZ",21.99863,87.8,"WT","2020-08-01","F15","df1","rep1"
136,"ybeZY",21.312046,82.4,"WT","2020-08-01","F16","df1","rep1"
148,"CorA",20.670425,87.3,"WT","2020-08-01","G4","df1","rep1"
149,"cysG",20.102097,88.1,"WT","2020-08-01","G5","df1","rep1"
150,"frr",15.082033,86.8,"WT","2020-08-01","G6","df1","rep1"
151,"gyrA",20.481411,84.6,"WT","2020-08-01","G7","df1","rep1"
152,"hcaT",25.091045,89.5,"WT","2020-08-01","G8","df1","rep1"
153,"idnT",25.946125,87.8,"WT","2020-08-01","G9","df1","rep1"
154,"Lnt2",22.915857,86.7,"WT","2020-08-01","G10","df1","rep1"
155,"Lnt",23.459345,90.9,"WT","2020-08-01","G11","df1","rep1"
156,"miaB",18.209715,85.6,"WT","2020-08-01","G12","df1","rep1"
157,"ybeX",19.23438,85.1,"WT","2020-08-01","G13","df1","rep1"
158,"ybeY",24.34333,86.4,"WT","2020-08-01","G14","df1","rep1"
159,"ybeZ",22.334837,87.8,"WT","2020-08-01","G15","df1","rep1"
160,"ybeZY",21.370169,82.4,"WT","2020-08-01","G16","df1","rep1"
172,"CorA",21.325844,87.3,"WT","2020-08-01","H4","df1","rep2"
173,"cysG",20.436872,88.1,"WT","2020-08-01","H5","df1","rep2"
174,"frr",15.883745,86.8,"WT","2020-08-01","H6","df1","rep2"
175,"gyrA",20.512045,84.6,"WT","2020-08-01","H7","df1","rep2"
176,"hcaT",25.246788,89.5,"WT","2020-08-01","H8","df1","rep2"
177,"idnT",26.238848,87.8,"WT","2020-08-01","H9","df1","rep2"
178,"Lnt2",23.434828,86.7,"WT","2020-08-01","H10","df1","rep2"
179,"Lnt",23.634512,90.9,"WT","2020-08-01","H11","df1","rep2"
180,"miaB",17.932394,85.6,"WT","2020-08-01","H12","df1","rep2"
181,"ybeX",19.59758,85.1,"WT","2020-08-01","H13","df1","rep2"
182,"ybeY",23.939978,86.4,"WT","2020-08-01","H14","df1","rep2"
183,"ybeZ",22.998638,87.8,"WT","2020-08-01","H15","df1","rep2"
196,"CorA",21.111536,87.3,"WT","2020-08-01","I4","df1","rep2"
197,"cysG",20.241543,88.1,"WT","2020-08-01","I5","df1","rep2"
198,"frr",15.51738,86.8,"WT","2020-08-01","I6","df1","rep2"
199,"gyrA",21.098577,84.6,"WT","2020-08-01","I7","df1","rep2"
200,"hcaT",25.313375,89.5,"WT","2020-08-01","I8","df1","rep2"
201,"idnT",26.41382,87.8,"WT","2020-08-01","I9","df1","rep2"
202,"Lnt2",23.232279,86.7,"WT","2020-08-01","I10","df1","rep2"
203,"Lnt",23.29834,90.9,"WT","2020-08-01","I11","df1","rep2"
204,"miaB",18.401213,85.6,"WT","2020-08-01","I12","df1","rep2"
205,"ybeX",19.358,85.1,"WT","2020-08-01","I13","df1","rep2"
206,"ybeY",22.252863,86.4,"WT","2020-08-01","I14","df1","rep2"
207,"ybeZ",22.950468,87.8,"WT","2020-08-01","I15","df1","rep2"
208,"ybeZY",20.097324,82.4,"WT","2020-08-01","I16","df1","rep2"
220,"CorA",21.385042,87.3,"WT","2020-08-01","J4","df1","rep2"
221,"cysG",19.956131,88.1,"WT","2020-08-01","J5","df1","rep2"
222,"frr",15.552993,86.5,"WT","2020-08-01","J6","df1","rep2"
223,"gyrA",20.48126,84.6,"WT","2020-08-01","J7","df1","rep2"
224,"hcaT",25.09893,89.5,"WT","2020-08-01","J8","df1","rep2"
225,"idnT",26.750347,87.8,"WT","2020-08-01","J9","df1","rep2"
226,"Lnt2",23.453655,86.7,"WT","2020-08-01","J10","df1","rep2"
227,"Lnt",23.077997,90.9,"WT","2020-08-01","J11","df1","rep2"
228,"miaB",18.503153,85.6,"WT","2020-08-01","J12","df1","rep2"
229,"ybeX",19.82453,85.1,"WT","2020-08-01","J13","df1","rep2"
230,"ybeY",24.439217,86.4,"WT","2020-08-01","J14","df1","rep2"
231,"ybeZ",23.306185,87.8,"WT","2020-08-01","J15","df1","rep2"
232,"ybeZY",20.083073,82.4,"WT","2020-08-01","J16","df1","rep2"
244,"CorA",21.290808,87.3,"WT","2020-08-01","K4","df2","rep1"
245,"cysG",20.013327,88.1,"WT","2020-08-01","K5","df2","rep1"
246,"frr",15.794627,86.5,"WT","2020-08-01","K6","df2","rep1"
247,"gyrA",20.382896,84.6,"WT","2020-08-01","K7","df2","rep1"
248,"hcaT",25.390753,89.5,"WT","2020-08-01","K8","df2","rep1"
249,"idnT",26.316813,87.8,"WT","2020-08-01","K9","df2","rep1"
250,"Lnt2",22.935434,86.7,"WT","2020-08-01","K10","df2","rep1"
251,"Lnt",23.697048,90.6,"WT","2020-08-01","K11","df2","rep1"
252,"miaB",18.432781,85.6,"WT","2020-08-01","K12","df2","rep1"
253,"ybeX",19.733555,85.1,"WT","2020-08-01","K13","df2","rep1"
254,"ybeY",24.015156,86.4,"WT","2020-08-01","K14","df2","rep1"
255,"ybeZ",22.73024,87.8,"WT","2020-08-01","K15","df2","rep1"
256,"ybeZY",21.710363,82.4,"WT","2020-08-01","K16","df2","rep1"
268,"CorA",21.559938,87.3,"WT","2020-08-01","L4","df2","rep1"
269,"cysG",20.587282,87.9,"WT","2020-08-01","L5","df2","rep1"
270,"frr",15.632797,86.5,"WT","2020-08-01","L6","df2","rep1"
271,"gyrA",20.738258,84.3,"WT","2020-08-01","L7","df2","rep1"
272,"hcaT",25.100737,89.5,"WT","2020-08-01","L8","df2","rep1"
273,"idnT",26.200016,87.8,"WT","2020-08-01","L9","df2","rep1"
274,"Lnt2",23.273834,86.7,"WT","2020-08-01","L10","df2","rep1"
275,"Lnt",23.309416,90.6,"WT","2020-08-01","L11","df2","rep1"
276,"miaB",18.62185,85.6,"WT","2020-08-01","L12","df2","rep1"
277,"ybeX",19.550821,85.1,"WT","2020-08-01","L13","df2","rep1"
278,"ybeY",23.69119,86.4,"WT","2020-08-01","L14","df2","rep1"
279,"ybeZ",22.966806,87.5,"WT","2020-08-01","L15","df2","rep1"
280,"ybeZY",21.449598,82.4,"WT","2020-08-01","L16","df2","rep1"
292,"CorA",21.208176,87.3,"WT","2020-08-01","M4","df2","rep1"
293,"cysG",20.482046,87.9,"WT","2020-08-01","M5","df2","rep1"
294,"frr",15.587762,86.5,"WT","2020-08-01","M6","df2","rep1"
295,"gyrA",20.30715,84.3,"WT","2020-08-01","M7","df2","rep1"
296,"hcaT",25.375345,89.5,"WT","2020-08-01","M8","df2","rep1"
297,"idnT",26.14806,87.8,"WT","2020-08-01","M9","df2","rep1"
298,"Lnt2",22.977444,86.7,"WT","2020-08-01","M10","df2","rep1"
299,"Lnt",23.916065,90.9,"WT","2020-08-01","M11","df2","rep1"
300,"miaB",18.339005,85.6,"WT","2020-08-01","M12","df2","rep1"
301,"ybeX",19.710531,85.1,"WT","2020-08-01","M13","df2","rep1"
302,"ybeY",23.939774,86.4,"WT","2020-08-01","M14","df2","rep1"
303,"ybeZ",23.13282,87.8,"WT","2020-08-01","M15","df2","rep1"
304,"ybeZY",21.318764,82.4,"WT","2020-08-01","M16","df2","rep1"
316,"CorA",21.04125,87.3,"WT","2020-08-01","N4","df2","rep2"
317,"cysG",19.943998,87.9,"WT","2020-08-01","N5","df2","rep2"
318,"frr",15.993524,86.5,"WT","2020-08-01","N6","df2","rep2"
319,"gyrA",19.864609,84.3,"WT","2020-08-01","N7","df2","rep2"
320,"hcaT",24.52281,89.5,"WT","2020-08-01","N8","df2","rep2"
321,"idnT",25.590048,87.8,"WT","2020-08-01","N9","df2","rep2"
322,"Lnt2",22.383469,86.7,"WT","2020-08-01","N10","df2","rep2"
323,"Lnt",22.198763,90.9,"WT","2020-08-01","N11","df2","rep2"
324,"miaB",18.397024,85.6,"WT","2020-08-01","N12","df2","rep2"
325,"ybeX",18.748466,85.1,"WT","2020-08-01","N13","df2","rep2"
326,"ybeY",22.453686,86.4,"WT","2020-08-01","N14","df2","rep2"
327,"ybeZ",21.52796,87.8,"WT","2020-08-01","N15","df2","rep2"
328,"ybeZY",21.019327,82.4,"WT","2020-08-01","N16","df2","rep2"
340,"CorA",20.787355,87.3,"WT","2020-08-01","O4","df2","rep2"
341,"cysG",19.807436,87.9,"WT","2020-08-01","O5","df2","rep2"
342,"frr",15.714007,86.5,"WT","2020-08-01","O6","df2","rep2"
343,"gyrA",19.653372,84.3,"WT","2020-08-01","O7","df2","rep2"
344,"hcaT",23.837378,89.5,"WT","2020-08-01","O8","df2","rep2"
345,"idnT",25.263023,87.8,"WT","2020-08-01","O9","df2","rep2"
346,"Lnt2",22.061934,86.7,"WT","2020-08-01","O10","df2","rep2"
347,"Lnt",22.389948,90.9,"WT","2020-08-01","O11","df2","rep2"
348,"miaB",18.108515,85.6,"WT","2020-08-01","O12","df2","rep2"
349,"ybeX",18.713192,85.1,"WT","2020-08-01","O13","df2","rep2"
350,"ybeY",23.900707,86.4,"WT","2020-08-01","O14","df2","rep2"
351,"ybeZ",21.22965,87.8,"WT","2020-08-01","O15","df2","rep2"
352,"ybeZY",20.829847,82.4,"WT","2020-08-01","O16","df2","rep2"
364,"CorA",21.232565,87.1,"WT","2020-08-01","P4","df2","rep2"
365,"cysG",20.319452,87.9,"WT","2020-08-01","P5","df2","rep2"
366,"frr",15.6529455,86.5,"WT","2020-08-01","P6","df2","rep2"
367,"gyrA",19.321125,84.3,"WT","2020-08-01","P7","df2","rep2"
368,"hcaT",24.496113,89.5,"WT","2020-08-01","P8","df2","rep2"
369,"idnT",25.412848,87.8,"WT","2020-08-01","P9","df2","rep2"
370,"Lnt2",22.474386,86.7,"WT","2020-08-01","P10","df2","rep2"
371,"Lnt",22.604647,90.9,"WT","2020-08-01","P11","df2","rep2"
372,"miaB",18.145918,85.6,"WT","2020-08-01","P12","df2","rep2"
373,"ybeX",18.72006,85.1,"WT","2020-08-01","P13","df2","rep2"
374,"ybeY",24.195227,86.4,"WT","2020-08-01","P14","df2","rep2"
375,"ybeZ",21.250324,87.8,"WT","2020-08-01","P15","df2","rep2"
376,"ybeZY",20.732296,82.4,"WT","2020-08-01","P16","df2","rep2"
28,"CorA",21.934662,62,"ybeX","2020-08-24","B4","df1","rep1"
29,"cysG",21.486607,90.9,"ybeX","2020-08-24","B5","df1","rep1"
30,"frr",16.55948,89,"ybeX","2020-08-24","B6","df1","rep1"
31,"gyrA",22.195543,86.5,"ybeX","2020-08-24","B7","df1","rep1"
32,"hcaT",24.820017,91.4,"ybeX","2020-08-24","B8","df1","rep1"
33,"idnT",25.35333,88.1,"ybeX","2020-08-24","B9","df1","rep1"
34,"Lnt2",22.77799,87,"ybeX","2020-08-24","B10","df1","rep1"
35,"Lnt",22.247263,90.9,"ybeX","2020-08-24","B11","df1","rep1"
36,"miaB",19.473083,85.6,"ybeX","2020-08-24","B12","df1","rep1"
37,"ybeX",32.99759,85.1,"ybeX","2020-08-24","B13","df1","rep1"
38,"ybeY",23.5715,86.4,"ybeX","2020-08-24","B14","df1","rep1"
39,"ybeZ",20.293825,87.8,"ybeX","2020-08-24","B15","df1","rep1"
40,"ybeZY",21.015545,83.1,"ybeX","2020-08-24","B16","df1","rep1"
52,"CorA",21.235735,87.3,"ybeX","2020-08-24","C4","df1","rep1"
53,"cysG",21.19719,88.1,"ybeX","2020-08-24","C5","df1","rep1"
54,"frr",16.671928,86.8,"ybeX","2020-08-24","C6","df1","rep1"
55,"gyrA",21.923374,84.6,"ybeX","2020-08-24","C7","df1","rep1"
56,"hcaT",25.05627,89.5,"ybeX","2020-08-24","C8","df1","rep1"
57,"idnT",25.594378,87.8,"ybeX","2020-08-24","C9","df1","rep1"
58,"Lnt2",22.737507,86.7,"ybeX","2020-08-24","C10","df1","rep1"
59,"Lnt",22.550547,90.9,"ybeX","2020-08-24","C11","df1","rep1"
60,"miaB",19.408993,85.6,"ybeX","2020-08-24","C12","df1","rep1"
61,"ybeX",32.687286,85.1,"ybeX","2020-08-24","C13","df1","rep1"
62,"ybeY",23.61581,86.4,"ybeX","2020-08-24","C14","df1","rep1"
63,"ybeZ",22.023108,88,"ybeX","2020-08-24","C15","df1","rep1"
64,"ybeZY",21.255377,82.6,"ybeX","2020-08-24","C16","df1","rep1"
76,"CorA",21.23163,87.3,"ybeX","2020-08-24","D4","df1","rep1"
77,"cysG",21.16956,88.1,"ybeX","2020-08-24","D5","df1","rep1"
78,"frr",16.588766,86.8,"ybeX","2020-08-24","D6","df1","rep1"
79,"gyrA",NA,62,"ybeX","2020-08-24","D7","df1","rep1"
80,"hcaT",25.118855,89.5,"ybeX","2020-08-24","D8","df1","rep1"
81,"idnT",25.490007,87.8,"ybeX","2020-08-24","D9","df1","rep1"
82,"Lnt2",22.718958,86.7,"ybeX","2020-08-24","D10","df1","rep1"
83,"Lnt",22.575966,90.9,"ybeX","2020-08-24","D11","df1","rep1"
84,"miaB",19.339613,85.9,"ybeX","2020-08-24","D12","df1","rep1"
85,"ybeX",33.493156,85.1,"ybeX","2020-08-24","D13","df1","rep1"
86,"ybeY",23.668598,86.7,"ybeX","2020-08-24","D14","df1","rep1"
87,"ybeZ",22.328238,87.8,"ybeX","2020-08-24","D15","df1","rep1"
88,"ybeZY",21.176092,82.3,"ybeX","2020-08-24","D16","df1","rep1"
124,"CorA",21.26682,87.3,"ybeX","2020-08-24","F4","df1","rep2"
125,"cysG",21.385202,88.1,"ybeX","2020-08-24","F5","df1","rep2"
126,"frr",17.054958,86.8,"ybeX","2020-08-24","F6","df1","rep2"
127,"gyrA",21.984425,84.6,"ybeX","2020-08-24","F7","df1","rep2"
128,"hcaT",25.653465,89.5,"ybeX","2020-08-24","F8","df1","rep2"
129,"idnT",25.447401,87.8,"ybeX","2020-08-24","F9","df1","rep2"
130,"Lnt2",22.816177,86.7,"ybeX","2020-08-24","F10","df1","rep2"
131,"Lnt",22.40407,90.9,"ybeX","2020-08-24","F11","df1","rep2"
132,"miaB",19.497427,85.9,"ybeX","2020-08-24","F12","df1","rep2"
133,"ybeX",31.62389,85.1,"ybeX","2020-08-24","F13","df1","rep2"
134,"ybeY",23.955746,86.4,"ybeX","2020-08-24","F14","df1","rep2"
135,"ybeZ",22.122757,87.8,"ybeX","2020-08-24","F15","df1","rep2"
136,"ybeZY",21.456636,82.3,"ybeX","2020-08-24","F16","df1","rep2"
148,"CorA",21.26742,87.3,"ybeX","2020-08-24","G4","df1","rep2"
149,"cysG",21.395954,88.1,"ybeX","2020-08-24","G5","df1","rep2"
150,"frr",16.929384,86.8,"ybeX","2020-08-24","G6","df1","rep2"
151,"gyrA",21.939089,84.6,"ybeX","2020-08-24","G7","df1","rep2"
152,"hcaT",25.204754,89.5,"ybeX","2020-08-24","G8","df1","rep2"
153,"idnT",25.511095,87.8,"ybeX","2020-08-24","G9","df1","rep2"
154,"Lnt2",22.916006,86.7,"ybeX","2020-08-24","G10","df1","rep2"
155,"Lnt",22.516888,90.9,"ybeX","2020-08-24","G11","df1","rep2"
156,"miaB",19.500864,85.6,"ybeX","2020-08-24","G12","df1","rep2"
158,"ybeY",23.942125,86.4,"ybeX","2020-08-24","G14","df1","rep2"
159,"ybeZ",22.08559,87.8,"ybeX","2020-08-24","G15","df1","rep2"
160,"ybeZY",21.440178,82.3,"ybeX","2020-08-24","G16","df1","rep2"
172,"CorA",21.480385,87.3,"ybeX","2020-08-24","H4","df1","rep2"
173,"cysG",21.432129,88.1,"ybeX","2020-08-24","H5","df1","rep2"
174,"frr",16.783981,86.8,"ybeX","2020-08-24","H6","df1","rep2"
175,"gyrA",21.996183,84.6,"ybeX","2020-08-24","H7","df1","rep2"
176,"hcaT",25.25007,89.5,"ybeX","2020-08-24","H8","df1","rep2"
177,"idnT",25.194405,87.8,"ybeX","2020-08-24","H9","df1","rep2"
178,"Lnt2",22.852762,86.7,"ybeX","2020-08-24","H10","df1","rep2"
179,"Lnt",22.636898,90.9,"ybeX","2020-08-24","H11","df1","rep2"
180,"miaB",19.449364,85.6,"ybeX","2020-08-24","H12","df1","rep2"
181,"ybeX",30.446857,85.1,"ybeX","2020-08-24","H13","df1","rep2"
182,"ybeY",23.81921,86.4,"ybeX","2020-08-24","H14","df1","rep2"
183,"ybeZ",22.29188,87.8,"ybeX","2020-08-24","H15","df1","rep2"
220,"CorA",21.750923,87.3,"ybeX","2020-08-24","J4","df2","rep1"
221,"cysG",21.23064,88.1,"ybeX","2020-08-24","J5","df2","rep1"
222,"frr",17.438128,86.8,"ybeX","2020-08-24","J6","df2","rep1"
223,"gyrA",22.390213,84.6,"ybeX","2020-08-24","J7","df2","rep1"
224,"hcaT",25.746191,89.5,"ybeX","2020-08-24","J8","df2","rep1"
225,"idnT",25.855236,87.8,"ybeX","2020-08-24","J9","df2","rep1"
226,"Lnt2",22.87117,86.7,"ybeX","2020-08-24","J10","df2","rep1"
227,"Lnt",22.994278,90.9,"ybeX","2020-08-24","J11","df2","rep1"
228,"miaB",19.863878,85.6,"ybeX","2020-08-24","J12","df2","rep1"
229,"ybeX",34.185028,85.1,"ybeX","2020-08-24","J13","df2","rep1"
230,"ybeY",24.107426,86.4,"ybeX","2020-08-24","J14","df2","rep1"
231,"ybeZ",22.86023,87.8,"ybeX","2020-08-24","J15","df2","rep1"
232,"ybeZY",21.784977,82.3,"ybeX","2020-08-24","J16","df2","rep1"
244,"CorA",21.222267,87.3,"ybeX","2020-08-24","K4","df2","rep1"
245,"cysG",21.227669,88.1,"ybeX","2020-08-24","K5","df2","rep1"
246,"frr",17.21708,86.8,"ybeX","2020-08-24","K6","df2","rep1"
247,"gyrA",22.238441,84.6,"ybeX","2020-08-24","K7","df2","rep1"
248,"hcaT",25.462172,89.5,"ybeX","2020-08-24","K8","df2","rep1"
249,"idnT",25.875763,87.8,"ybeX","2020-08-24","K9","df2","rep1"
250,"Lnt2",23.053654,86.7,"ybeX","2020-08-24","K10","df2","rep1"
251,"Lnt",23.154512,90.6,"ybeX","2020-08-24","K11","df2","rep1"
252,"miaB",19.775509,85.6,"ybeX","2020-08-24","K12","df2","rep1"
253,"ybeX",32.596268,85.1,"ybeX","2020-08-24","K13","df2","rep1"
254,"ybeY",23.880495,86.4,"ybeX","2020-08-24","K14","df2","rep1"
255,"ybeZ",22.758554,87.8,"ybeX","2020-08-24","K15","df2","rep1"
256,"ybeZY",21.774925,82.3,"ybeX","2020-08-24","K16","df2","rep1"
268,"CorA",21.35087,87.3,"ybeX","2020-08-24","L4","df2","rep1"
269,"cysG",21.338186,88.1,"ybeX","2020-08-24","L5","df2","rep1"
270,"frr",16.934828,86.5,"ybeX","2020-08-24","L6","df2","rep1"
271,"gyrA",22.286211,84.6,"ybeX","2020-08-24","L7","df2","rep1"
272,"hcaT",25.600092,89.5,"ybeX","2020-08-24","L8","df2","rep1"
273,"idnT",25.781654,87.8,"ybeX","2020-08-24","L9","df2","rep1"
274,"Lnt2",23.169443,86.7,"ybeX","2020-08-24","L10","df2","rep1"
275,"Lnt",23.013744,90.9,"ybeX","2020-08-24","L11","df2","rep1"
276,"miaB",19.731958,85.6,"ybeX","2020-08-24","L12","df2","rep1"
277,"ybeX",35.32196,85.1,"ybeX","2020-08-24","L13","df2","rep1"
278,"ybeY",24.017717,86.4,"ybeX","2020-08-24","L14","df2","rep1"
279,"ybeZ",22.614101,87.8,"ybeX","2020-08-24","L15","df2","rep1"
280,"ybeZY",21.769146,82.3,"ybeX","2020-08-24","L16","df2","rep1"
316,"CorA",21.498793,87.3,"ybeX","2020-08-24","N4","df2","rep2"
317,"cysG",NA,62,"ybeX","2020-08-24","N5","df2","rep2"
318,"frr",17.270515,86.5,"ybeX","2020-08-24","N6","df2","rep2"
319,"gyrA",22.679976,84.3,"ybeX","2020-08-24","N7","df2","rep2"
320,"hcaT",26.423586,89.5,"ybeX","2020-08-24","N8","df2","rep2"
321,"idnT",26.225302,87.8,"ybeX","2020-08-24","N9","df2","rep2"
322,"Lnt2",23.304897,86.7,"ybeX","2020-08-24","N10","df2","rep2"
323,"Lnt",24.065584,90.6,"ybeX","2020-08-24","N11","df2","rep2"
324,"miaB",20.168274,85.6,"ybeX","2020-08-24","N12","df2","rep2"
325,"ybeX",32.495636,85.1,"ybeX","2020-08-24","N13","df2","rep2"
326,"ybeY",24.681602,86.4,"ybeX","2020-08-24","N14","df2","rep2"
327,"ybeZ",23.450422,87.8,"ybeX","2020-08-24","N15","df2","rep2"
328,"ybeZY",22.30682,82.1,"ybeX","2020-08-24","N16","df2","rep2"
340,"CorA",21.565628,87.1,"ybeX","2020-08-24","O4","df2","rep2"
341,"cysG",21.691242,87.9,"ybeX","2020-08-24","O5","df2","rep2"
342,"frr",17.183126,86.5,"ybeX","2020-08-24","O6","df2","rep2"
343,"gyrA",22.561518,84.3,"ybeX","2020-08-24","O7","df2","rep2"
344,"hcaT",25.829458,89.5,"ybeX","2020-08-24","O8","df2","rep2"
345,"idnT",26.23544,87.8,"ybeX","2020-08-24","O9","df2","rep2"
346,"Lnt2",23.259277,86.7,"ybeX","2020-08-24","O10","df2","rep2"
347,"Lnt",23.468279,90.9,"ybeX","2020-08-24","O11","df2","rep2"
348,"miaB",19.791182,85.6,"ybeX","2020-08-24","O12","df2","rep2"
349,"ybeX",32.051956,85.1,"ybeX","2020-08-24","O13","df2","rep2"
350,"ybeY",24.572086,86.4,"ybeX","2020-08-24","O14","df2","rep2"
351,"ybeZ",23.42617,87.8,"ybeX","2020-08-24","O15","df2","rep2"
352,"ybeZY",22.032076,82.3,"ybeX","2020-08-24","O16","df2","rep2"
364,"CorA",21.327196,87.1,"ybeX","2020-08-24","P4","df2","rep2"
365,"cysG",21.568708,87.9,"ybeX","2020-08-24","P5","df2","rep2"
366,"frr",17.18763,86.5,"ybeX","2020-08-24","P6","df2","rep2"
367,"gyrA",22.5309,84.3,"ybeX","2020-08-24","P7","df2","rep2"
368,"hcaT",26.09778,89.5,"ybeX","2020-08-24","P8","df2","rep2"
369,"idnT",26.05017,87.8,"ybeX","2020-08-24","P9","df2","rep2"
370,"Lnt2",23.25793,86.7,"ybeX","2020-08-24","P10","df2","rep2"
371,"Lnt",23.614399,90.9,"ybeX","2020-08-24","P11","df2","rep2"
372,"miaB",19.66119,85.6,"ybeX","2020-08-24","P12","df2","rep2"
373,"ybeX",31.60897,85.1,"ybeX","2020-08-24","P13","df2","rep2"
374,"ybeY",24.537624,86.4,"ybeX","2020-08-24","P14","df2","rep2"
375,"ybeZ",23.478474,87.8,"ybeX","2020-08-24","P15","df2","rep2"
376,"ybeZY",21.937883,82.3,"ybeX","2020-08-24","P16","df2","rep2"
28,"CorA",20.850761,88.7,"ybeX","2021-10-24","B4","df1","rep1"
30,"frr",17.618011,88.7,"ybeX","2021-10-24","B6","df1","rep1"
31,"gyrA",20.697092,86,"ybeX","2021-10-24","B7","df1","rep1"
33,"idnT",23.278273,87.8,"ybeX","2021-10-24","B9","df1","rep1"
34,"Lnt2",21.694975,86.5,"ybeX","2021-10-24","B10","df1","rep1"
35,"Lnt",21.83804,91.7,"ybeX","2021-10-24","B11","df1","rep1"
36,"miaB",18.729836,85.7,"ybeX","2021-10-24","B12","df1","rep1"
37,"ybeX",35.231674,85.7,"ybeX","2021-10-24","B13","df1","rep1"
38,"ybeY",20.196531,86.2,"ybeX","2021-10-24","B14","df1","rep1"
39,"ybeZ",20.25372,87.3,"ybeX","2021-10-24","B15","df1","rep1"
40,"ybeZY",22.51576,81.8,"ybeX","2021-10-24","B16","df1","rep1"
52,"CorA",20.891113,86.8,"ybeX","2021-10-24","C4","df1","rep1"
53,"cysG",21.547903,87.4,"ybeX","2021-10-24","C5","df1","rep1"
54,"frr",18.308517,86,"ybeX","2021-10-24","C6","df1","rep1"
55,"gyrA",20.25474,83.8,"ybeX","2021-10-24","C7","df1","rep1"
56,"hcaT",23.28636,89,"ybeX","2021-10-24","C8","df1","rep1"
57,"idnT",23.278553,87.3,"ybeX","2021-10-24","C9","df1","rep1"
58,"Lnt2",21.597137,86.5,"ybeX","2021-10-24","C10","df1","rep1"
59,"Lnt",23.57721,90.3,"ybeX","2021-10-24","C11","df1","rep1"
60,"miaB",18.92561,85.1,"ybeX","2021-10-24","C12","df1","rep1"
61,"ybeX",33.516453,84.6,"ybeX","2021-10-24","C13","df1","rep1"
62,"ybeY",20.18064,85.9,"ybeX","2021-10-24","C14","df1","rep1"
63,"ybeZ",20.296227,87.3,"ybeX","2021-10-24","C15","df1","rep1"
64,"ybeZY",22.635056,81.6,"ybeX","2021-10-24","C16","df1","rep1"
76,"CorA",21.446348,86.8,"ybeX","2021-10-24","D4","df1","rep1"
77,"cysG",21.579414,87.6,"ybeX","2021-10-24","D5","df1","rep1"
78,"frr",18.199997,86.2,"ybeX","2021-10-24","D6","df1","rep1"
79,"gyrA",20.469994,83.8,"ybeX","2021-10-24","D7","df1","rep1"
80,"hcaT",23.381487,89,"ybeX","2021-10-24","D8","df1","rep1"
81,"idnT",23.267973,87.3,"ybeX","2021-10-24","D9","df1","rep1"
82,"Lnt2",21.54916,86.2,"ybeX","2021-10-24","D10","df1","rep1"
83,"Lnt",23.612122,90.3,"ybeX","2021-10-24","D11","df1","rep1"
84,"miaB",18.936867,85.1,"ybeX","2021-10-24","D12","df1","rep1"
85,"ybeX",33.463703,84.8,"ybeX","2021-10-24","D13","df1","rep1"
86,"ybeY",20.20011,85.9,"ybeX","2021-10-24","D14","df1","rep1"
87,"ybeZ",20.092403,87.3,"ybeX","2021-10-24","D15","df1","rep1"
88,"ybeZY",22.54967,81.6,"ybeX","2021-10-24","D16","df1","rep1"
124,"CorA",20.973028,86.8,"ybeX","2021-10-24","F4","df1","rep2"
125,"cysG",21.575844,87.6,"ybeX","2021-10-24","F5","df1","rep2"
126,"frr",18.029873,86.2,"ybeX","2021-10-24","F6","df1","rep2"
127,"gyrA",20.639362,84.1,"ybeX","2021-10-24","F7","df1","rep2"
128,"hcaT",23.514605,89,"ybeX","2021-10-24","F8","df1","rep2"
129,"idnT",23.607885,87.3,"ybeX","2021-10-24","F9","df1","rep2"
130,"Lnt2",21.709745,86.2,"ybeX","2021-10-24","F10","df1","rep2"
131,"Lnt",23.345121,90.3,"ybeX","2021-10-24","F11","df1","rep2"
132,"miaB",19.269844,85.1,"ybeX","2021-10-24","F12","df1","rep2"
133,"ybeX",31.558542,84.6,"ybeX","2021-10-24","F13","df1","rep2"
134,"ybeY",20.519938,85.9,"ybeX","2021-10-24","F14","df1","rep2"
135,"ybeZ",19.897263,87.3,"ybeX","2021-10-24","F15","df1","rep2"
136,"ybeZY",22.79715,81.6,"ybeX","2021-10-24","F16","df1","rep2"
148,"CorA",21.187176,86.8,"ybeX","2021-10-24","G4","df1","rep2"
149,"cysG",21.54591,87.6,"ybeX","2021-10-24","G5","df1","rep2"
150,"frr",18.385983,86.2,"ybeX","2021-10-24","G6","df1","rep2"
151,"gyrA",20.208145,84.1,"ybeX","2021-10-24","G7","df1","rep2"
152,"hcaT",23.310751,89,"ybeX","2021-10-24","G8","df1","rep2"
153,"idnT",23.482317,87.3,"ybeX","2021-10-24","G9","df1","rep2"
154,"Lnt2",22.102375,86.2,"ybeX","2021-10-24","G10","df1","rep2"
155,"Lnt",23.497765,90.6,"ybeX","2021-10-24","G11","df1","rep2"
156,"miaB",19.615646,85.1,"ybeX","2021-10-24","G12","df1","rep2"
157,"ybeX",32.755615,84.6,"ybeX","2021-10-24","G13","df1","rep2"
158,"ybeY",20.454855,85.9,"ybeX","2021-10-24","G14","df1","rep2"
159,"ybeZ",19.955847,87.3,"ybeX","2021-10-24","G15","df1","rep2"
160,"ybeZY",22.738464,81.6,"ybeX","2021-10-24","G16","df1","rep2"
172,"CorA",21.244343,86.8,"ybeX","2021-10-24","H4","df1","rep2"
173,"cysG",21.36721,87.6,"ybeX","2021-10-24","H5","df1","rep2"
174,"frr",18.143639,86.2,"ybeX","2021-10-24","H6","df1","rep2"
175,"gyrA",20.457417,84.1,"ybeX","2021-10-24","H7","df1","rep2"
176,"hcaT",23.340866,89,"ybeX","2021-10-24","H8","df1","rep2"
177,"idnT",23.468857,87.3,"ybeX","2021-10-24","H9","df1","rep2"
178,"Lnt2",21.620312,86.2,"ybeX","2021-10-24","H10","df1","rep2"
179,"Lnt",23.911705,90.3,"ybeX","2021-10-24","H11","df1","rep2"
180,"miaB",19.293032,85.1,"ybeX","2021-10-24","H12","df1","rep2"
181,"ybeX",30.40487,84.6,"ybeX","2021-10-24","H13","df1","rep2"
182,"ybeY",20.671886,85.9,"ybeX","2021-10-24","H14","df1","rep2"
183,"ybeZ",20.666647,87.3,"ybeX","2021-10-24","H15","df1","rep2"
220,"CorA",21.682177,86.8,"ybeX","2021-10-24","J4","df2","rep1"
221,"cysG",21.810076,87.6,"ybeX","2021-10-24","J5","df2","rep1"
222,"frr",18.538336,86.2,"ybeX","2021-10-24","J6","df2","rep1"
223,"gyrA",20.974888,84.1,"ybeX","2021-10-24","J7","df2","rep1"
224,"hcaT",23.709917,89,"ybeX","2021-10-24","J8","df2","rep1"
225,"idnT",23.833252,87.3,"ybeX","2021-10-24","J9","df2","rep1"
226,"Lnt2",22.25071,86.2,"ybeX","2021-10-24","J10","df2","rep1"
227,"Lnt",24.45838,90.3,"ybeX","2021-10-24","J11","df2","rep1"
228,"miaB",19.315617,85.1,"ybeX","2021-10-24","J12","df2","rep1"
229,"ybeX",30.832325,84.6,"ybeX","2021-10-24","J13","df2","rep1"
230,"ybeY",20.854,85.9,"ybeX","2021-10-24","J14","df2","rep1"
231,"ybeZ",20.99746,87.3,"ybeX","2021-10-24","J15","df2","rep1"
232,"ybeZY",23.089563,81.6,"ybeX","2021-10-24","J16","df2","rep1"
244,"CorA",21.66708,86.8,"ybeX","2021-10-24","K4","df2","rep1"
245,"cysG",21.915627,87.4,"ybeX","2021-10-24","K5","df2","rep1"
246,"frr",18.750135,86.2,"ybeX","2021-10-24","K6","df2","rep1"
247,"gyrA",20.675102,83.8,"ybeX","2021-10-24","K7","df2","rep1"
248,"hcaT",23.863747,89,"ybeX","2021-10-24","K8","df2","rep1"
249,"idnT",23.585297,87.3,"ybeX","2021-10-24","K9","df2","rep1"
250,"Lnt2",22.358206,86.2,"ybeX","2021-10-24","K10","df2","rep1"
251,"Lnt",24.844482,90.3,"ybeX","2021-10-24","K11","df2","rep1"
252,"miaB",19.679865,85.1,"ybeX","2021-10-24","K12","df2","rep1"
253,"ybeX",32.565674,84.6,"ybeX","2021-10-24","K13","df2","rep1"
254,"ybeY",20.740047,85.9,"ybeX","2021-10-24","K14","df2","rep1"
255,"ybeZ",20.884422,87.3,"ybeX","2021-10-24","K15","df2","rep1"
256,"ybeZY",23.406347,81.6,"ybeX","2021-10-24","K16","df2","rep1"
268,"CorA",21.529394,86.8,"ybeX","2021-10-24","L4","df2","rep1"
269,"cysG",21.732271,87.4,"ybeX","2021-10-24","L5","df2","rep1"
270,"frr",18.695053,86,"ybeX","2021-10-24","L6","df2","rep1"
271,"gyrA",21.144064,83.8,"ybeX","2021-10-24","L7","df2","rep1"
272,"hcaT",23.556734,89,"ybeX","2021-10-24","L8","df2","rep1"
273,"idnT",23.656563,87.3,"ybeX","2021-10-24","L9","df2","rep1"
274,"Lnt2",22.237642,86.2,"ybeX","2021-10-24","L10","df2","rep1"
275,"Lnt",24.75915,90.3,"ybeX","2021-10-24","L11","df2","rep1"
276,"miaB",19.708498,85.1,"ybeX","2021-10-24","L12","df2","rep1"
277,"ybeX",34.546665,84.8,"ybeX","2021-10-24","L13","df2","rep1"
278,"ybeY",20.854393,85.9,"ybeX","2021-10-24","L14","df2","rep1"
279,"ybeZ",20.939943,87.3,"ybeX","2021-10-24","L15","df2","rep1"
280,"ybeZY",23.485117,81.6,"ybeX","2021-10-24","L16","df2","rep1"
316,"CorA",21.488642,86.6,"ybeX","2021-10-24","N4","df2","rep2"
317,"cysG",21.967852,87.4,"ybeX","2021-10-24","N5","df2","rep2"
318,"frr",18.586596,86,"ybeX","2021-10-24","N6","df2","rep2"
319,"gyrA",21.076826,83.8,"ybeX","2021-10-24","N7","df2","rep2"
320,"hcaT",23.748398,89,"ybeX","2021-10-24","N8","df2","rep2"
321,"idnT",23.560066,87.3,"ybeX","2021-10-24","N9","df2","rep2"
322,"Lnt2",22.381588,86.2,"ybeX","2021-10-24","N10","df2","rep2"
323,"Lnt",24.859795,90.3,"ybeX","2021-10-24","N11","df2","rep2"
324,"miaB",19.705652,85.1,"ybeX","2021-10-24","N12","df2","rep2"
325,"ybeX",30.927498,84.6,"ybeX","2021-10-24","N13","df2","rep2"
326,"ybeY",20.801876,85.9,"ybeX","2021-10-24","N14","df2","rep2"
327,"ybeZ",21.140926,87.3,"ybeX","2021-10-24","N15","df2","rep2"
328,"ybeZY",23.709269,81.6,"ybeX","2021-10-24","N16","df2","rep2"
340,"CorA",21.66284,86.6,"ybeX","2021-10-24","O4","df2","rep2"
341,"cysG",21.85441,87.4,"ybeX","2021-10-24","O5","df2","rep2"
342,"frr",18.782148,86,"ybeX","2021-10-24","O6","df2","rep2"
343,"gyrA",20.81801,83.8,"ybeX","2021-10-24","O7","df2","rep2"
344,"hcaT",23.633102,89,"ybeX","2021-10-24","O8","df2","rep2"
345,"idnT",23.65058,87.3,"ybeX","2021-10-24","O9","df2","rep2"
346,"Lnt2",22.04816,86.2,"ybeX","2021-10-24","O10","df2","rep2"
347,"Lnt",25.243824,90.3,"ybeX","2021-10-24","O11","df2","rep2"
348,"miaB",19.606798,85.1,"ybeX","2021-10-24","O12","df2","rep2"
349,"ybeX",32.369675,84.6,"ybeX","2021-10-24","O13","df2","rep2"
350,"ybeY",20.933525,85.9,"ybeX","2021-10-24","O14","df2","rep2"
351,"ybeZ",20.982414,87.3,"ybeX","2021-10-24","O15","df2","rep2"
352,"ybeZY",23.629213,81.6,"ybeX","2021-10-24","O16","df2","rep2"
364,"CorA",21.810144,86.6,"ybeX","2021-10-24","P4","df2","rep2"
365,"cysG",21.872707,87.4,"ybeX","2021-10-24","P5","df2","rep2"
366,"frr",18.686708,86,"ybeX","2021-10-24","P6","df2","rep2"
367,"gyrA",20.867489,83.8,"ybeX","2021-10-24","P7","df2","rep2"
368,"hcaT",23.537779,89,"ybeX","2021-10-24","P8","df2","rep2"
369,"idnT",23.672869,87.3,"ybeX","2021-10-24","P9","df2","rep2"
370,"Lnt2",21.94732,86.2,"ybeX","2021-10-24","P10","df2","rep2"
371,"Lnt",25.17408,90.3,"ybeX","2021-10-24","P11","df2","rep2"
372,"miaB",19.766865,85.1,"ybeX","2021-10-24","P12","df2","rep2"
373,"ybeX",33.181812,84.6,"ybeX","2021-10-24","P13","df2","rep2"
374,"ybeY",20.871037,85.9,"ybeX","2021-10-24","P14","df2","rep2"
375,"ybeZ",20.805399,87.3,"ybeX","2021-10-24","P15","df2","rep2"
376,"ybeZY",23.465008,81.6,"ybeX","2021-10-24","P16","df2","rep2"
